serviceHours,class_duty,codeModel,id_depot,id_unit,install_region,fleetCode
7380.90000, normal ,APU-15,51,1,Merseburg,FE
,N,XC-7,59,2,West Michaelborough,FB
24901.60000,light,APU-12,35,3,Schwandorf,FE
10659.30000,med,APU-12,73,4,Rudolstadt,FC
16128.60000,2,APU-15,37,5,West Sierra,FE
5172.90000,normal,XC-7,41,6,Russelltown,FD
5711.70000,3,APU-20,81,7,Sankt Goar,FA
25654.70000,med,APU-12,44,8,Bremervörde,FA
42271.00000,L,XC-7,8,9,Cuxhaven,FC
,normal,APU-12,58,10,Brandonborough,FA
9763.20000, normal ,XC-7,46,11,Paderborn,FC
6727.50000,heavy,APU-20,109,12,Stuttgart,FC
8689.30000,1,APU-12,43,13,Dresden,FD
6213.80000,L,XC-7,10,14,Aveiro,FE
10083.90000, med ,APU-12,66,15,Gütersloh,FB
20163.80000,normal,XC-7,57,16,Port Thomasfurt,FE
14840.60000,N,APU-20,62,17,Havelberg,FA
20281.50000,2,APU-15,113,18,Port Thomasfurt,FD
6489.30000,med,APU-15,41,19,Sherimouth,FE
7079.40000,normal,APU-20,74,20,Lake Shawnville,FA
5243.60000,normal,APU-12,64,21,Haleystad,FB
15877.90000,L,APU-20,69,22,Havelberg,FB
15158.30000,heavy,APU-15,7,23,Johnsonstad,FD
4596.30000,1,APU-20,33,24,Aveiro,FB
12760.80000,normal,APU-20,49,25,Sherimouth,FB
7509.60000,N,APU-20,71,26,Penafiel,FA
13145.20000,med,APU-12,77,27,Bremervörde,FC
7982.00000,L,APU-15,8,28,Sandovalhaven,FE
16272.90000,light,XC-7,3,29,Brandonborough,FD
14405.10000,3,APU-20,112,30,Merseburg,FE
24448.50000,normal,XC-7,58,31,Sandovalhaven,FB
5827.90000,1,APU-15,111,32,Wanzleben,FE
29625.40000,N,APU-12,44,33,Jessicaburgh,FA
15240.20000,L,APU-20,17,34,Rio Tinto,FE
8705.20000,3,APU-12,20,35,Davidberg,FA
7241.30000,med,XC-7,0,36,Dresden,FE
10802.90000,normal,APU-20,55,37,Michaelfurt,FE
4019.30000,H,XC-7,99,38,Dresden,FC
6678.40000, med ,XC-7,69,39,Sankt Goar,FC
8105.90000,N,XC-7,65,40,Davidberg,FA
10212.60000,N,APU-20,78,41,Bremervörde,FE
7975.00000,H,APU-12,83,42,Rosechester,FA
34164.70000,N,APU-12,51,43,Vizela,FA
26679.70000,1,APU-15,24,44,West Alyssa,FC
6843.10000,3,XC-7,104,45,Russelltown,FB
44922.50000,med,APU-20,46,46,Penafiel,FA
13182.50000,L,APU-20,0,47,Rosechester,FA
18026.70000,1,XC-7,37,48,Cuxhaven,FB
14509.20000,2,APU-20,68,49,Bremervörde,FC
29987.90000, 2 ,APU-20,70,50,Jülich,FD
7507.10000,1,APU-15,24,51,Oliveira do Bairro,FB
26700.50000,H,APU-20,24,52,Schwandorf,FC
16813.50000, L ,APU-20,35,53,Sandovalhaven,FE
16400.50000,light,APU-15,53,54,Rudolstadt,FD
20315.20000,heavy,APU-20,80,55,Pooleberg,FD
36250.30000,1,APU-20,34,56,Merseburg,FE
,L,XC-7,24,57,Sherimouth,FA
5933.80000,med,XC-7,110,58,Jülich,FB
12260.50000, med ,APU-15,44,59,Stricklandberg,FC
7090.30000,light,APU-20,49,60,Gandra,FC
6934.00000,1,APU-12,77,61,Lake Shawnville,FC
7681.10000,3,APU-15,98,62,Gandra,FD
12051.40000,N,APU-20,78,63,Jessicaburgh,FC
4321.10000,normal,APU-15,56,64,Haleystad,FE
19192.70000, heavy ,XC-7,98,65,Russelltown,FC
10749.30000,1,APU-15,9,66,Esmoriz,FC
19964.70000,2,XC-7,70,67,Pooleberg,FA
22453.80000,normal,XC-7,96,68,Penafiel,FB
24193.30000,med,APU-12,44,69,Rosechester,FB
10907.30000,L,XC-7,18,70,West Alyssa,FE
15312.50000,heavy,APU-12,103,71,Brandonborough,FA
30979.90000,N,XC-7,75,72,Port Thomasfurt,FA
29359.30000,3,APU-12,51,73,New David,FA
3107.00000,2,XC-7,45,74,Oliveira do Bairro,FD
,2,XC-7,57,75,Haleystad,FE
18537.90000,L,APU-20,13,76,Gütersloh,FA
,heavy,XC-7,115,77,Russelltown,FC
10973.50000,L,XC-7,4,78,Paderborn,FB
5582.60000,1,APU-20,30,79,Merseburg,FD
15237.90000,med,XC-7,40,80,Dresden,FC
7552.80000,1,APU-12,0,81,Haleystad,FD
5855.30000,L,APU-20,9,82,West Michaelborough,FE
11666.00000,1,APU-20,71,83,Pombal,FA
21113.80000,light,APU-12,36,84,Ashleychester,FA
,normal,APU-20,57,85,Auerbach,FB
26644.90000,3,APU-20,81,86,Almeirim,FD
3853.50000,H,APU-15,111,87,Ashleychester,FB
19752.70000, H ,APU-20,108,88,West Michaelborough,FD
15232.90000,2,APU-15,67,89,Freamunde,FC
9661.60000,L,APU-20,17,90,East Wayneside,FD
5290.10000,2,APU-15,44,91,Gütersloh,FD
13849.40000,normal,APU-15,41,92,Altentreptow,FA
20587.00000, light ,APU-15,13,93,Bremervörde,FB
9500.10000,2,APU-12,29,94,Ludwigslust,FD
,L,APU-12,18,95,Faro,FD
23037.80000,1,APU-15,19,96,Brandonborough,FB
,1,APU-15,33,97,Jülich,FA
8312.90000,2,APU-12,48,98,Rio Tinto,FC
8294.60000,N,APU-15,60,99,Faro,FA
10769.90000,H,APU-15,92,100,West Alyssa,FC
5810.30000, L ,APU-12,36,101,Malchin,FA
13177.70000,2,XC-7,50,102,Almeirim,FB
7092.40000,L,XC-7,17,103,Ashleychester,FD
5805.20000,med,APU-20,102,104,Aveiro,FE
12717.10000,light,APU-20,36,105,Almeirim,FD
6300.20000,light,XC-7,8,106,Johnsonstad,FC
12792.00000,3,APU-20,30,107,Stricklandberg,FE
15773.30000,H,XC-7,82,108,Faro,FE
9284.60000,normal,APU-12,102,109,Wanzleben,FA
27817.60000,heavy,APU-15,116,110,Penafiel,FE
5659.00000,L,APU-15,9,111,New David,FC
9709.70000,2,XC-7,44,112,Jülich,FA
6976.10000,heavy,APU-15,105,113,Badalzungen,FC
13212.20000,H,APU-20,83,114,Paulland,FE
,H,APU-15,119,115,New David,FC
36240.60000,3,APU-20,113,116,West Sierra,FB
29029.20000,L,XC-7,36,117,Ebermannstadt,FA
17526.90000,L,XC-7,88,118,Davidberg,FD
17776.60000,light,APU-20,14,119,Paulland,FE
13474.30000,3,APU-12,92,120,Esmoriz,FC
12477.50000,1,APU-12,2,121,Esmoriz,FE
9991.60000,L,APU-12,19,122,Malchin,FE
16513.30000,H,APU-15,106,123,Altentreptow,FE
15215.90000,L,APU-15,102,124,Ashleychester,FB
10589.50000,heavy,APU-12,47,125,Danachester,FE
15695.50000,1,APU-12,14,126,South Jennifer,FE
8158.10000,normal,APU-15,77,127,Brandonborough,FB
27681.60000,L,APU-15,42,128,Faro,FE
8319.30000,3,XC-7,92,129,Stuttgart,FE
,normal,APU-12,112,130,Ashleychester,FD
29647.50000,light,APU-15,16,131,Auerbach,FE
7056.50000,H,XC-7,84,132,São Mamede de Infesta,FB
17557.00000,med,APU-20,59,133,Badalzungen,FA
36962.30000, 3 ,APU-15,84,134,Malchin,FD
3609.70000,normal,XC-7,99,135,Cuxhaven,FD
21756.80000,1,APU-12,17,136,Altentreptow,FB
7155.10000,L,APU-20,38,137,Wanzleben,FB
9271.30000,light,APU-15,19,138,Stuttgart,FC
3900.20000,3,XC-7,103,139,Michaelfurt,FA
11711.10000,1,APU-12,22,140,Lake Shawnville,FE
13770.90000,heavy,XC-7,97,141,Jülich,FA
10976.00000,heavy,APU-20,25,142,Schwandorf,FA
16750.70000,normal,APU-12,12,143,Bremervörde,FB
7206.60000,light,APU-20,34,144,West Sierra,FB
1793.70000,light,XC-7,37,145,Stuttgart,FE
8864.10000,2,XC-7,87,146,Rosechester,FB
8759.60000,heavy,APU-15,22,147,Sherimouth,FD
6943.50000, H ,APU-12,118,148,Badalzungen,FC
14786.00000,normal,APU-20,48,149,Port Thomasfurt,FC
37204.60000,2,XC-7,78,150,Stricklandberg,FC
7898.20000,L,APU-20,6,151,Ebermannstadt,FD
45000.00000,normal,XC-7,61,152,Sherimouth,FC
6220.00000,1,XC-7,19,153,South Jennifer,FB
18526.40000,med,APU-12,96,154,Michaelfurt,FA
12620.90000,1,XC-7,19,155,Sherimouth,FE
7889.90000,light,XC-7,16,156,Rosechester,FB
20916.00000,L,XC-7,5,157,Freamunde,FA
8569.20000, heavy ,APU-20,105,158,Esmoriz,FA
6649.60000, H ,APU-12,111,159,South Jennifer,FB
4305.20000,heavy,APU-15,91,160,Jessicaburgh,FC
12162.80000,L,APU-20,7,161,Pooleberg,FA
3998.50000,1,XC-7,26,162,Almeirim,FE
7373.30000,H,XC-7,96,163,Stricklandberg,FD
3036.10000,2,XC-7,78,164,Gütersloh,FA
13087.50000,med,APU-12,78,165,Dresden,FC
8346.10000,light,APU-15,54,166,Johnsonstad,FE
9548.30000,normal,APU-20,40,167,Vizela,FB
15381.80000,1,APU-15,19,168,Pombal,FA
7734.80000,1,XC-7,21,169,Pooleberg,FB
2836.50000,1,APU-15,27,170,West Sierra,FB
13558.30000,L,APU-12,3,171,Jessicaburgh,FE
5632.70000,L,APU-12,64,172,Haleystad,FC
22743.00000,med,APU-20,51,173,Havelberg,FB
3777.70000,normal,APU-20,58,174,Oliveira do Bairro,FC
9314.60000,1,APU-15,23,175,Michaelfurt,FA
18569.30000,light,APU-20,39,176,Rudolstadt,FA
6384.80000,light,APU-15,70,177,South Jennifer,FD
9048.10000,normal,APU-12,77,178,São Mamede de Infesta,FE
3585.50000,L,XC-7,2,179,Oliveira do Bairro,FC
5224.10000,normal,APU-20,75,180,West Michaelborough,FB
15204.50000,2,APU-20,63,181,Ludwigslust,FE
22673.50000,light,APU-15,13,182,Vila Nova de Gaia,FC
17324.30000,1,APU-12,36,183,Ebermannstadt,FD
13390.90000, L ,APU-15,26,184,Vila Nova de Gaia,FE
9513.70000,normal,APU-15,43,185,Barrborough,FA
4596.80000,normal,APU-15,61,186,São Mamede de Infesta,FE
16516.80000,light,APU-15,7,187,Stricklandberg,FB
4683.00000,normal,APU-15,66,188,Duderstadt,FC
10305.90000, 2 ,APU-20,53,189,Johnsonstad,FD
20571.20000,H,APU-20,86,190,Johnsonstad,FB
12143.20000, med ,APU-15,46,191,Vizela,FA
19722.80000,heavy,APU-15,95,192,Ashleychester,FE
9496.40000,N,APU-12,60,193,Esmoriz,FD
22575.10000,med,APU-12,29,194,Brandonborough,FC
11337.60000,1,APU-20,10,195,Rosechester,FE
13615.90000,1,APU-15,2,196,Paderborn,FB
12612.60000,H,APU-15,80,197,Jessicaburgh,FD
8688.30000,light,APU-12,19,198,Rudolstadt,FD
45000.00000,1,APU-12,23,199,Stricklandberg,FA
25408.70000,L,APU-20,35,200,Ashleychester,FC
3822.70000,N,APU-12,76,201,Gandra,FA
20324.90000,H,APU-15,11,202,West Sierra,FE
7513.20000,heavy,APU-12,108,203,Vila Nova de Gaia,FC
5457.20000,med,APU-20,61,204,São Mamede de Infesta,FC
5233.60000,L,APU-12,8,205,Russelltown,FA
13027.40000,1,APU-20,11,206,West Michaelborough,FA
35465.20000,N,XC-7,47,207,Freamunde,FB
6365.90000,normal,APU-12,51,208,Jülich,FD
9327.80000,L,APU-15,106,209,Esmoriz,FA
14907.70000,normal,APU-20,56,210,Rudolstadt,FD
7659.80000,light,XC-7,12,211,Rudolstadt,FE
19328.10000,H,APU-12,97,212,Cuxhaven,FD
13459.30000,H,APU-15,22,213,Beja,FA
19083.10000,normal,APU-15,48,214,Vizela,FD
6303.50000,3,APU-15,84,215,Faro,FE
23177.90000,L,APU-20,16,216,Esmoriz,FE
22715.40000,2,APU-15,42,217,Almeirim,FD
6989.90000,heavy,APU-15,105,218,East Wayneside,FC
18306.10000,H,XC-7,87,219,West Sierra,FB
19682.80000,1,APU-15,34,220,East Wayneside,FC
7239.80000,H,XC-7,100,221,Beja,FA
14513.50000,heavy,APU-20,96,222,Vizela,FB
9243.90000,med,APU-12,59,223,Haleystad,FA
40802.90000,med,XC-7,69,224,West Sierra,FC
11559.70000,med,APU-15,70,225,Freamunde,FA
25427.70000,L,APU-20,3,226,Gandra,FC
16899.60000, L ,XC-7,63,227,Pooleberg,FE
10298.10000,N,APU-15,45,228,Badalzungen,FC
21148.00000,L,APU-12,56,229,Havelberg,FB
8634.00000,1,APU-15,3,230,Rio Tinto,FB
11381.80000, light ,APU-15,27,231,Freamunde,FE
,L,XC-7,72,232,Barrborough,FC
,med,APU-15,43,233,Danachester,FD
13103.30000,H,APU-20,118,234,Jessicaburgh,FB
23017.80000,H,APU-15,118,235,Gütersloh,FC
4683.60000,H,APU-15,19,236,Brandonborough,FE
4027.50000,2,APU-12,78,237,Merseburg,FD
4273.90000,light,APU-12,118,238,Jülich,FE
26904.60000,H,APU-20,54,239,Beja,FD
13662.80000,med,XC-7,69,240,Sherimouth,FC
18326.10000,light,APU-15,58,241,Rudolstadt,FB
8263.30000,3,APU-15,106,242,Paulland,FC
6446.50000, light ,APU-15,8,243,Haleystad,FE
2141.00000,1,APU-12,34,244,New David,FA
9203.20000,light,XC-7,1,245,New David,FA
14170.80000,normal,APU-20,98,246,Paderborn,FC
19092.50000,light,APU-12,37,247,Schwandorf,FE
6154.40000,3,XC-7,88,248,Jülich,FB
6296.30000,H,APU-15,110,249,Vila Nova de Gaia,FC
,1,APU-12,28,250,Sankt Goar,FD
13695.00000,light,APU-12,84,251,Michaelfurt,FA
13920.70000,N,APU-15,61,252,Havelberg,FD
,L,APU-12,16,253,Beja,FD
11955.30000,1,XC-7,33,254,Cuxhaven,FC
8662.00000,light,XC-7,71,255,Esmoriz,FE
9921.30000,light,APU-15,81,256,Stricklandberg,FC
13259.00000, L ,APU-20,18,257,Wanzleben,FD
8045.30000,L,XC-7,25,258,Dresden,FA
8818.20000,L,XC-7,16,259,Costa da Caparica,FD
10912.80000, light ,APU-15,13,260,Brandonborough,FD
22521.00000,L,APU-20,27,261,Sankt Goar,FC
6429.80000,1,APU-12,36,262,Stuttgart,FE
35616.00000,light,XC-7,32,263,Sherimouth,FB
14636.10000,1,XC-7,118,264,New David,FE
22235.20000, 1 ,APU-15,18,265,Rosechester,FC
14435.40000,light,APU-12,74,266,Aveiro,FE
16244.90000,1,XC-7,12,267,Brandonborough,FC
19343.60000,med,APU-15,47,268,Port Thomasfurt,FE
,normal,APU-15,22,269,Schwandorf,FD
7574.40000,med,XC-7,54,270,Danachester,FE
43376.60000,L,APU-15,55,271,Duderstadt,FE
9218.90000,3,XC-7,101,272,Rudolstadt,FB
28559.40000,H,APU-12,88,273,Oliveira do Bairro,FA
16160.50000,H,APU-12,69,274,Sandovalhaven,FD
8294.70000,H,APU-12,90,275,West Michaelborough,FD
7670.90000,N,APU-20,65,276,Ebermannstadt,FE
10012.40000,light,APU-15,37,277,Pombal,FE
12481.30000,1,APU-15,39,278,Russelltown,FA
9141.20000,light,APU-20,16,279,West Michaelborough,FC
17774.90000,3,XC-7,1,280,Vila Nova de Gaia,FD
18235.60000,N,APU-20,66,281,São Mamede de Infesta,FA
9909.80000,H,APU-20,93,282,Danachester,FD
8636.70000,H,APU-12,111,283,Duderstadt,FC
,light,APU-12,42,284,Gütersloh,FB
16131.40000,heavy,APU-20,108,285,Danachester,FA
14005.70000,3,APU-20,100,286,Pombal,FA
8692.30000,normal,APU-15,37,287,West Sierra,FB
12186.50000,L,APU-20,15,288,Lake Shawnville,FE
6206.00000,3,APU-15,96,289,Lake Shawnville,FD
17794.30000, 1 ,APU-15,2,290,Stuttgart,FE
5375.30000,normal,XC-7,74,291,Beja,FB
12499.50000,light,XC-7,4,292,Jülich,FE
11024.20000,2,XC-7,40,293,Havelberg,FB
16230.00000,N,APU-15,50,294,South Jennifer,FE
11668.30000,2,APU-12,65,295,Russelltown,FC
9586.80000,L,APU-15,8,296,Jessicaburgh,FD
15972.90000,normal,XC-7,57,297,Sandovalhaven,FD
3435.70000,light,APU-12,19,298,West Alyssa,FC
11871.40000,light,XC-7,53,299,Merseburg,FD
42043.80000,light,APU-15,21,300,Jülich,FC
9884.90000,L,XC-7,8,301,Ebermannstadt,FB
7647.70000,3,APU-12,105,302,Oliveira do Bairro,FA
5446.30000,light,APU-20,30,303,Schwandorf,FC
,N,APU-12,22,304,Russelltown,FB
5686.70000,N,XC-7,47,305,Jessicaburgh,FE
11383.10000,1,APU-15,29,306,Stuttgart,FC
13002.50000,light,APU-15,37,307,Gandra,FC
5541.80000,H,APU-15,82,308,Havelberg,FB
7843.60000,2,XC-7,69,309,Merseburg,FC
15108.40000,1,APU-12,26,310,Jülich,FA
4889.20000,N,XC-7,64,311,Gandra,FC
6318.50000,2,APU-20,59,312,Davidberg,FC
8801.90000,3,APU-15,85,313,Pombal,FC
15180.60000,2,XC-7,90,314,Cuxhaven,FC
29087.10000,3,APU-12,104,315,Michaelfurt,FA
7115.40000,L,APU-15,24,316,Russelltown,FA
29715.90000,med,XC-7,19,317,Esmoriz,FA
26835.00000,light,XC-7,30,318,Rio Tinto,FE
9172.30000,1,APU-15,71,319,Faro,FA
1695.80000,1,APU-20,20,320,Havelberg,FA
8688.10000,L,APU-20,114,321,Ebermannstadt,FD
36680.20000, 3 ,XC-7,102,322,Gütersloh,FB
15323.50000,L,XC-7,5,323,Vizela,FE
12323.80000,L,APU-20,81,324,Pooleberg,FE
7780.10000,1,APU-12,31,325,Ludwigslust,FD
17191.10000,1,APU-15,32,326,Stricklandberg,FE
10048.40000,3,XC-7,107,327,Sankt Goar,FA
12617.30000,normal,APU-20,37,328,Stuttgart,FB
17965.20000, 1 ,APU-20,32,329,Sandovalhaven,FD
24883.90000,normal,APU-20,70,330,Jessicaburgh,FD
11365.80000,1,APU-15,13,331,Gütersloh,FA
7251.20000,2,APU-12,78,332,Jülich,FE
45000.00000, H ,XC-7,94,333,Sandovalhaven,FE
12529.30000,N,APU-15,53,334,Badalzungen,FD
,3,APU-20,87,335,Havelberg,FE
37629.80000,1,XC-7,35,336,Jülich,FA
10375.80000,med,APU-20,36,337,West Michaelborough,FA
19780.60000,normal,APU-12,55,338,Barrborough,FD
10160.30000,H,XC-7,1,339,Haleystad,FA
7036.50000,L,APU-12,26,340,Malchin,FA
10000.30000,L,APU-15,26,341,Jülich,FC
23515.00000,normal,APU-12,31,342,Auerbach,FA
6757.50000,H,APU-15,27,343,Sherimouth,FB
26067.90000,3,APU-12,92,344,Haleystad,FC
9234.50000,L,XC-7,18,345,Pombal,FD
25199.30000,med,APU-15,75,346,Badalzungen,FB
7606.20000,3,XC-7,89,347,Barrborough,FD
8695.40000,1,XC-7,3,348,Sankt Goar,FA
5164.30000,heavy,XC-7,44,349,Brandonborough,FD
11052.60000,H,XC-7,96,350,Freamunde,FB
6896.90000,normal,APU-20,80,351,Dresden,FA
18836.20000,light,XC-7,8,352,West Sierra,FC
8877.10000,light,APU-20,18,353,East Wayneside,FD
8573.40000,heavy,XC-7,90,354,São Mamede de Infesta,FA
38679.90000,1,APU-20,77,355,Penafiel,FD
28760.20000,3,APU-12,12,356,South Jennifer,FA
35686.50000,3,XC-7,80,357,Badalzungen,FB
8945.70000,1,APU-12,19,358,Ashleychester,FA
7431.10000, light ,APU-20,33,359,Almeirim,FB
17076.30000, L ,APU-12,76,360,West Sierra,FE
9403.80000,H,APU-12,86,361,Costa da Caparica,FC
15545.20000,heavy,APU-15,105,362,Brandonborough,FE
17549.50000,2,APU-15,54,363,Ludwigslust,FE
5243.60000,normal,APU-20,59,364,West Sierra,FA
11649.70000, L ,APU-20,17,365,Duderstadt,FE
11009.70000,3,APU-15,88,366,Costa da Caparica,FC
14742.00000,2,APU-20,55,367,Cuxhaven,FC
6868.70000,med,APU-15,51,368,Rosechester,FA
14840.80000,2,APU-12,77,369,Rosechester,FE
7726.30000,normal,XC-7,49,370,South Jennifer,FD
5224.90000,3,APU-12,54,371,Rosechester,FC
35727.50000,light,APU-12,23,372,Havelberg,FC
23879.30000,med,APU-15,47,373,Paulland,FA
15606.40000,L,APU-20,2,374,Ashleychester,FB
7538.90000,2,APU-15,56,375,Almeirim,FE
5379.20000,H,APU-12,101,376,Rio Tinto,FE
10676.80000,light,APU-15,34,377,Johnsonstad,FC
11723.40000,L,APU-12,25,378,Port Thomasfurt,FB
31964.10000,3,APU-20,112,379,Schwandorf,FE
7098.70000,N,APU-20,54,380,Rio Tinto,FC
9204.90000,3,APU-12,103,381,Oliveira do Bairro,FC
6358.40000,med,XC-7,87,382,Gütersloh,FE
13435.00000,L,APU-15,37,383,Esmoriz,FE
20073.60000,3,XC-7,101,384,Ludwigslust,FC
,normal,APU-20,79,385,Beja,FC
2323.40000,H,APU-15,117,386,Malchin,FC
15693.50000,H,APU-20,89,387,Paderborn,FE
12002.50000,heavy,APU-12,82,388,New David,FD
12652.10000,med,APU-15,45,389,Oliveira do Bairro,FA
25953.40000,1,APU-15,12,390,Schwandorf,FD
9659.50000,L,XC-7,93,391,Aveiro,FB
14580.60000,L,APU-15,34,392,Vila Nova de Gaia,FB
26395.90000,L,XC-7,35,393,East Wayneside,FE
7786.60000,heavy,APU-20,104,394,Havelberg,FC
11627.40000,3,APU-15,94,395,West Sierra,FB
6653.50000,H,APU-20,83,396,Jessicaburgh,FD
8678.00000,L,XC-7,25,397,Penafiel,FC
6018.30000,1,APU-20,3,398,New David,FA
8529.40000, L ,APU-20,22,399,Faro,FE
18128.50000,3,APU-15,101,400,Stuttgart,FB
5850.90000,med,XC-7,41,401,Gandra,FC
24772.90000,light,APU-12,6,402,São Mamede de Infesta,FC
7967.40000,H,APU-12,114,403,Wanzleben,FC
13621.70000,med,XC-7,107,404,Danachester,FD
8519.90000,N,APU-12,75,405,Russelltown,FD
,light,XC-7,21,406,Merseburg,FD
8516.20000,light,XC-7,24,407,Beja,FB
11192.30000,N,APU-20,42,408,Esmoriz,FA
8660.30000,heavy,APU-12,87,409,Bremervörde,FE
3153.40000,2,APU-20,72,410,Ebermannstadt,FB
, 2 ,APU-15,62,411,Barrborough,FD
27047.00000,light,XC-7,27,412,Havelberg,FD
27048.90000,2,XC-7,66,413,Ashleychester,FC
11791.40000,normal,APU-15,51,414,São Mamede de Infesta,FE
4409.40000,light,APU-20,21,415,Sandovalhaven,FE
4673.80000,med,APU-20,57,416,Sankt Goar,FA
14661.80000,3,APU-15,85,417,Davidberg,FC
22514.50000, H ,APU-15,106,418,Rio Tinto,FD
33406.40000,1,APU-20,33,419,Almeirim,FD
5505.20000,1,XC-7,33,420,Michaelfurt,FD
8861.30000,1,APU-12,7,421,Jessicaburgh,FC
29888.80000,med,XC-7,57,422,East Wayneside,FD
18229.10000,L,APU-20,89,423,Pooleberg,FC
4418.70000,1,APU-15,73,424,Paulland,FB
14007.00000,3,APU-20,85,425,São Mamede de Infesta,FC
14835.20000,1,XC-7,39,426,Faro,FC
6769.10000,1,APU-12,103,427,Ashleychester,FC
7690.60000,L,APU-15,26,428,Altentreptow,FE
9645.10000,med,XC-7,47,429,Russelltown,FE
15377.60000,normal,XC-7,77,430,Ludwigslust,FD
14054.50000,L,APU-15,27,431,Gandra,FE
9823.50000,normal,APU-20,67,432,Sherimouth,FB
7839.90000,2,APU-12,64,433,Paulland,FE
14158.00000,heavy,APU-20,80,434,South Jennifer,FC
15581.40000,2,APU-15,104,435,Davidberg,FE
9256.30000,2,APU-20,43,436,Rio Tinto,FA
11902.60000,1,XC-7,10,437,Auerbach,FC
16181.40000,light,APU-12,13,438,Pooleberg,FC
,heavy,APU-12,95,439,Ashleychester,FC
12176.30000, normal ,XC-7,68,440,Brandonborough,FD
18796.60000,3,APU-15,117,441,Stricklandberg,FA
5485.00000,L,APU-12,108,442,Esmoriz,FA
15867.00000,3,APU-20,102,443,Malchin,FD
34154.80000,heavy,APU-15,84,444,Ashleychester,FC
1865.60000,heavy,APU-12,27,445,South Jennifer,FD
,N,XC-7,76,446,Auerbach,FC
42643.10000,1,XC-7,28,447,São Mamede de Infesta,FB
23561.30000,L,XC-7,12,448,Stuttgart,FD
5460.90000,L,APU-12,13,449,Aveiro,FC
25604.70000,heavy,APU-12,105,450,Pooleberg,FE
9773.50000,H,APU-15,83,451,West Sierra,FD
3699.40000,1,APU-12,7,452,Gütersloh,FA
6837.90000,med,APU-20,71,453,Sherimouth,FC
18640.10000,2,APU-20,51,454,Esmoriz,FA
8248.20000,2,APU-15,78,455,Badalzungen,FA
, med ,XC-7,62,456,Rudolstadt,FE
21919.90000,N,XC-7,77,457,East Wayneside,FA
27302.20000,heavy,APU-15,10,458,Ludwigslust,FC
6337.20000,heavy,APU-20,106,459,Lake Shawnville,FE
15302.70000,L,APU-20,10,460,Davidberg,FA
13857.90000,2,APU-12,71,461,Gandra,FB
6841.00000, N ,XC-7,61,462,Danachester,FA
11186.90000,3,XC-7,42,463,West Sierra,FA
7553.70000,light,APU-20,4,464,Russelltown,FA
11119.80000,L,APU-15,22,465,Jülich,FE
8081.10000,H,APU-20,101,466,Havelberg,FD
8204.90000,N,XC-7,70,467,Aveiro,FD
14291.50000, normal ,APU-15,72,468,West Michaelborough,FD
22120.20000,3,XC-7,52,469,Lake Shawnville,FA
19139.00000,2,APU-20,7,470,Almeirim,FD
7387.30000,normal,APU-20,47,471,Michaelfurt,FC
11243.70000,light,XC-7,35,472,Ludwigslust,FB
22107.10000,light,APU-12,4,473,Costa da Caparica,FE
18758.60000, normal ,APU-12,77,474,Beja,FA
17731.60000,heavy,APU-12,82,475,Barrborough,FD
11755.00000,3,APU-20,109,476,Rio Tinto,FB
30956.40000,heavy,APU-12,109,477,Altentreptow,FC
19845.10000,heavy,APU-20,118,478,Cuxhaven,FB
12644.80000,1,APU-15,11,479,Johnsonstad,FD
16112.90000,med,APU-12,17,480,Brandonborough,FB
16259.10000,1,XC-7,8,481,West Alyssa,FA
9207.00000,med,APU-20,53,482,Cuxhaven,FB
22958.10000,3,APU-12,91,483,Sherimouth,FA
28285.40000, normal ,APU-12,51,484,Wanzleben,FA
6219.60000,heavy,APU-20,12,485,Barrborough,FE
23781.20000,H,APU-20,102,486,West Alyssa,FA
45000.00000,L,XC-7,18,487,Sherimouth,FA
9526.70000,L,APU-12,39,488,East Wayneside,FE
45000.00000,2,XC-7,57,489,Paulland,FB
12698.30000,light,APU-12,25,490,Russelltown,FA
5822.30000,normal,APU-12,7,491,East Wayneside,FD
11425.10000,1,APU-20,12,492,Duderstadt,FC
10622.70000,heavy,APU-15,112,493,Badalzungen,FD
12498.70000,normal,APU-15,74,494,Auerbach,FB
8823.60000,3,APU-20,117,495,Vila Nova de Gaia,FA
4358.30000,med,XC-7,41,496,Vila Nova de Gaia,FE
18481.40000,L,APU-12,16,497,Danachester,FB
14375.60000,light,XC-7,9,498,Schwandorf,FE
20505.00000,normal,APU-12,52,499,Jülich,FD
10833.30000,normal,APU-15,63,500,West Sierra,FE
15934.70000,N,APU-15,74,501,Faro,FA
9010.30000, heavy ,APU-20,25,502,Russelltown,FA
18443.80000,2,APU-15,101,503,Pombal,FE
15745.30000,light,APU-20,39,504,Johnsonstad,FE
6607.40000, heavy ,APU-12,88,505,Malchin,FA
10780.70000,L,XC-7,38,506,New David,FA
,light,APU-20,39,507,Ludwigslust,FD
12034.20000,L,APU-20,6,508,Almeirim,FB
25617.00000,H,XC-7,57,509,Vizela,FD
7117.80000,light,APU-15,34,510,Badalzungen,FB
13450.50000,3,APU-12,10,511,Auerbach,FA
21920.00000,heavy,APU-20,97,512,Wanzleben,FA
9093.50000,L,APU-12,11,513,Havelberg,FC
13105.00000,H,XC-7,94,514,Havelberg,FB
6205.40000,L,XC-7,5,515,Pombal,FC
6068.60000,heavy,XC-7,82,516,Sankt Goar,FB
10892.60000,L,XC-7,15,517,Esmoriz,FA
12652.30000,1,APU-15,18,518,Havelberg,FB
7420.00000,2,XC-7,73,519,Altentreptow,FA
26777.20000,N,APU-12,45,520,Haleystad,FB
45000.00000,light,APU-15,42,521,Costa da Caparica,FA
11101.10000,light,XC-7,4,522,Michaelfurt,FC
7575.50000,H,APU-20,102,523,Gütersloh,FD
6915.20000,H,APU-12,119,524,Altentreptow,FA
11155.30000,N,APU-12,60,525,Duderstadt,FB
, light ,APU-12,11,526,Malchin,FC
11724.30000,heavy,APU-12,108,527,Sandovalhaven,FE
7964.20000,H,APU-15,97,528,Oliveira do Bairro,FA
5027.40000, 3 ,XC-7,83,529,Russelltown,FA
19902.10000,N,APU-15,42,530,Faro,FE
13567.80000,med,APU-20,34,531,Brandonborough,FD
5959.50000,normal,APU-12,69,532,Port Thomasfurt,FE
13754.70000,normal,APU-15,32,533,Beja,FB
6762.70000,3,APU-15,98,534,Wanzleben,FE
11199.10000,H,APU-15,7,535,Merseburg,FD
4049.60000,heavy,XC-7,110,536,Pooleberg,FE
15717.60000,H,APU-12,101,537,Penafiel,FE
8804.60000, 1 ,XC-7,12,538,Aveiro,FE
16924.50000,3,APU-12,82,539,Jülich,FA
45000.00000,heavy,APU-20,91,540,Faro,FB
39003.10000,L,APU-12,12,541,Vizela,FE
8353.90000,3,APU-12,108,542,Stricklandberg,FA
23908.60000,med,XC-7,86,543,Penafiel,FB
10227.60000,3,XC-7,61,544,Lake Shawnville,FB
7410.80000,heavy,APU-15,83,545,Ashleychester,FC
4237.90000,heavy,APU-15,116,546,Auerbach,FB
6870.40000,normal,APU-15,6,547,Rosechester,FB
21716.80000,N,APU-20,57,548,Dresden,FD
15528.30000,1,APU-15,5,549,Davidberg,FD
8995.00000,N,XC-7,89,550,Jülich,FA
4801.60000, L ,XC-7,3,551,Almeirim,FA
7505.90000,med,APU-20,65,552,Costa da Caparica,FC
15040.30000,H,APU-20,86,553,Jülich,FB
10027.30000,N,XC-7,42,554,Ludwigslust,FA
13766.10000,H,XC-7,95,555,Schwandorf,FB
,L,XC-7,107,556,Rudolstadt,FD
10942.10000,light,APU-20,35,557,Merseburg,FB
4134.60000,2,APU-20,47,558,Jessicaburgh,FB
36067.20000,light,APU-20,108,559,Merseburg,FE
45000.00000,light,XC-7,29,560,Beja,FA
12885.60000,1,APU-15,71,561,Rio Tinto,FB
,med,APU-20,45,562,Sherimouth,FC
6875.00000,H,APU-12,113,563,Stuttgart,FE
23532.30000, heavy ,APU-15,119,564,Almeirim,FA
5947.10000,light,APU-20,36,565,Gandra,FE
8609.00000,N,APU-15,62,566,Rosechester,FB
6850.10000,light,APU-15,19,567,Paderborn,FC
22175.20000, 2 ,XC-7,64,568,Malchin,FD
10797.00000,3,APU-15,90,569,Pombal,FC
4172.60000,3,APU-12,105,570,Beja,FE
4852.70000,heavy,XC-7,84,571,West Michaelborough,FA
14054.00000,N,APU-15,65,572,Sankt Goar,FD
35165.70000,heavy,APU-20,119,573,Merseburg,FC
5214.30000,light,XC-7,48,574,Rudolstadt,FA
24383.80000,normal,APU-20,14,575,Pooleberg,FC
13270.20000,normal,APU-12,48,576,Dresden,FA
6281.30000,normal,APU-15,77,577,Davidberg,FE
45000.00000,3,APU-20,91,578,Sherimouth,FC
13049.40000,med,XC-7,53,579,Jülich,FC
28863.60000,3,APU-15,7,580,Stricklandberg,FC
19635.80000,light,XC-7,43,581,Ebermannstadt,FE
20477.80000,med,APU-15,67,582,East Wayneside,FE
16314.10000,1,XC-7,29,583,Jülich,FB
8276.50000,3,APU-20,95,584,Stricklandberg,FD
10722.10000,N,XC-7,63,585,Ludwigslust,FC
22798.30000,normal,XC-7,57,586,Esmoriz,FB
45000.00000,L,APU-15,46,587,Port Thomasfurt,FD
8333.30000,2,APU-20,76,588,Faro,FB
11633.10000,3,APU-20,88,589,Barrborough,FD
10607.70000,H,APU-15,89,590,Lake Shawnville,FA
5960.10000,normal,XC-7,72,591,East Wayneside,FD
6344.80000,light,APU-15,36,592,Vizela,FE
10307.10000,heavy,APU-12,114,593,East Wayneside,FD
10080.90000,3,APU-20,65,594,Barrborough,FA
13273.30000,light,APU-20,35,595,Pombal,FA
21858.40000, light ,APU-12,32,596,Barrborough,FD
45000.00000,H,APU-20,116,597,Dresden,FB
9231.50000,normal,XC-7,24,598,Malchin,FE
14849.50000,med,APU-15,9,599,Sandovalhaven,FE
7587.90000,H,XC-7,86,600,Ludwigslust,FA
15433.40000,3,APU-12,12,601,Almeirim,FC
9815.40000,L,APU-20,26,602,Gandra,FA
10875.50000,2,XC-7,78,603,Haleystad,FB
9893.60000,heavy,XC-7,92,604,Bremervörde,FA
29354.50000,1,XC-7,29,605,Badalzungen,FC
6444.80000, normal ,XC-7,50,606,Costa da Caparica,FB
20274.20000,1,APU-12,62,607,Pooleberg,FE
7673.80000,L,APU-15,10,608,Barrborough,FD
20111.90000,heavy,XC-7,63,609,Lake Shawnville,FD
45000.00000,2,APU-15,61,610,Faro,FD
8416.90000,light,XC-7,99,611,Lake Shawnville,FC
8769.90000,heavy,APU-20,104,612,Faro,FC
23658.90000,N,XC-7,71,613,Rudolstadt,FC
30493.90000,light,APU-12,18,614,Penafiel,FA
4535.40000,light,XC-7,29,615,Havelberg,FD
6190.60000,2,XC-7,48,616,Freamunde,FB
27108.80000,N,APU-20,47,617,Jülich,FB
16664.80000,1,APU-15,66,618,Duderstadt,FE
40754.30000,normal,APU-15,44,619,São Mamede de Infesta,FA
7574.90000,1,APU-15,20,620,Michaelfurt,FA
5145.20000,light,APU-20,34,621,Stricklandberg,FD
19319.00000,light,APU-12,46,622,Russelltown,FA
7841.10000,heavy,APU-20,95,623,Jessicaburgh,FC
10865.50000,med,APU-20,67,624,Johnsonstad,FE
16048.00000,L,APU-12,107,625,Vila Nova de Gaia,FC
19927.50000,normal,APU-15,87,626,Ebermannstadt,FA
45000.00000,3,APU-15,112,627,West Alyssa,FC
8582.50000,1,APU-20,3,628,Sankt Goar,FA
8940.60000,light,APU-15,1,629,Barrborough,FE
6560.00000,3,APU-12,88,630,Almeirim,FE
9422.90000,2,XC-7,75,631,Paderborn,FB
19998.00000,N,APU-20,114,632,Pombal,FA
37751.70000,L,XC-7,27,633,Merseburg,FD
5025.70000,3,XC-7,114,634,Ashleychester,FB
40736.60000,2,XC-7,74,635,Jessicaburgh,FB
9986.40000,1,APU-20,22,636,Havelberg,FE
14071.90000,L,APU-20,25,637,Jessicaburgh,FC
9291.50000,N,XC-7,61,638,Haleystad,FB
35932.50000,1,APU-15,87,639,Barrborough,FD
7278.60000,L,APU-15,15,640,Aveiro,FC
7797.90000,N,APU-20,42,641,South Jennifer,FE
6516.90000,N,XC-7,50,642,Gandra,FC
12822.90000,N,APU-15,63,643,East Wayneside,FC
11181.80000,heavy,APU-15,119,644,Vila Nova de Gaia,FD
15813.40000,1,APU-20,98,645,Esmoriz,FE
7578.50000,N,XC-7,54,646,Gandra,FE
6755.00000,L,XC-7,22,647,Jessicaburgh,FB
6899.00000,2,APU-15,17,648,Gütersloh,FD
18827.50000,heavy,XC-7,94,649,Stricklandberg,FC
12525.30000, 3 ,APU-20,92,650,Bremervörde,FE
17924.20000,light,APU-20,34,651,Rudolstadt,FA
21284.40000,light,APU-12,11,652,Cuxhaven,FA
12123.70000,light,APU-12,2,653,Esmoriz,FC
11658.70000, 3 ,APU-20,99,654,Vila Nova de Gaia,FA
3692.90000,2,XC-7,74,655,Altentreptow,FB
11839.10000,normal,APU-15,70,656,Auerbach,FE
7309.30000,1,APU-12,68,657,Jülich,FA
9489.40000,1,XC-7,30,658,Rio Tinto,FD
8979.30000, 2 ,APU-12,61,659,Freamunde,FD
14255.30000,H,XC-7,87,660,Malchin,FE
14519.80000,heavy,APU-20,46,661,Port Thomasfurt,FC
11925.00000,3,APU-15,48,662,Barrborough,FD
28321.90000,heavy,APU-20,82,663,Faro,FA
9234.80000,1,XC-7,22,664,Sherimouth,FC
22020.00000,2,APU-15,24,665,Dresden,FA
10891.50000,3,XC-7,114,666,Jülich,FD
6402.90000,light,APU-20,34,667,Russelltown,FB
19893.00000,med,APU-15,51,668,Schwandorf,FC
14007.90000,L,APU-20,15,669,Vila Nova de Gaia,FC
16279.70000,L,XC-7,1,670,Ebermannstadt,FA
8651.90000,light,APU-20,20,671,Pombal,FD
8615.50000, H ,APU-12,84,672,Pooleberg,FA
5115.80000,2,APU-15,59,673,Almeirim,FE
3763.20000,2,APU-15,73,674,Ebermannstadt,FC
19545.90000,heavy,XC-7,118,675,Almeirim,FD
5250.90000,1,APU-15,29,676,Gandra,FE
15736.00000,2,APU-20,72,677,Danachester,FA
16829.50000,2,APU-15,64,678,Wanzleben,FD
9199.50000,L,APU-20,13,679,Rio Tinto,FC
2982.80000,3,APU-15,116,680,Stuttgart,FA
9386.50000,2,APU-12,97,681,Aveiro,FD
6804.00000,H,APU-12,109,682,Havelberg,FE
11849.60000,light,APU-15,31,683,Ludwigslust,FA
45000.00000,3,APU-15,110,684,Pombal,FC
14901.30000,normal,APU-15,66,685,Vizela,FA
9093.80000,heavy,APU-12,90,686,Paulland,FC
22202.80000,heavy,APU-12,95,687,Costa da Caparica,FC
,H,APU-20,83,688,Badalzungen,FB
37055.20000,normal,APU-20,60,689,Barrborough,FE
45000.00000,normal,APU-12,66,690,Rosechester,FA
20163.50000,3,APU-12,74,691,Wanzleben,FD
13321.80000,normal,APU-15,68,692,São Mamede de Infesta,FA
4774.20000,2,APU-15,56,693,Freamunde,FC
17968.30000,H,APU-12,108,694,Lake Shawnville,FA
,med,XC-7,95,695,Freamunde,FC
1717.30000,light,XC-7,28,696,Paulland,FB
14754.50000, 1 ,APU-15,20,697,Badalzungen,FB
11425.20000,normal,APU-20,51,698,Rudolstadt,FD
16725.20000, med ,XC-7,64,699,São Mamede de Infesta,FA
14825.80000,N,XC-7,65,700,New David,FD
39112.80000,1,APU-12,0,701,Ludwigslust,FC
12248.90000,light,APU-15,16,702,Russelltown,FB
12776.10000,2,XC-7,77,703,Sankt Goar,FA
16479.70000,1,APU-20,13,704,Badalzungen,FC
6809.60000,2,XC-7,55,705,Gütersloh,FC
,H,APU-15,95,706,Schwandorf,FD
20891.40000,2,APU-15,78,707,Wanzleben,FB
14356.80000,H,APU-15,91,708,Beja,FB
11897.50000,L,APU-12,28,709,Sandovalhaven,FD
13517.10000,1,APU-12,12,710,Jülich,FE
27049.00000,1,XC-7,2,711,Wanzleben,FB
20474.80000, normal ,APU-15,61,712,Esmoriz,FC
12405.70000,H,APU-15,81,713,São Mamede de Infesta,FD
24751.60000, 2 ,XC-7,76,714,Johnsonstad,FE
12777.50000,L,APU-15,3,715,Paulland,FA
5456.80000,normal,APU-20,50,716,Esmoriz,FD
6642.10000,N,APU-15,55,717,South Jennifer,FA
11651.50000,2,XC-7,59,718,Russelltown,FB
24513.20000, normal ,APU-12,10,719,Havelberg,FB
4573.20000,light,APU-15,29,720,Costa da Caparica,FA
10903.70000,H,APU-15,86,721,Barrborough,FE
24564.90000,3,APU-15,100,722,Russelltown,FC
6632.60000,light,APU-15,38,723,Vizela,FD
35722.20000,normal,APU-20,117,724,Esmoriz,FE
14131.80000,3,APU-20,111,725,Bremervörde,FE
20747.10000,normal,APU-20,75,726,Davidberg,FE
9129.00000,L,APU-20,15,727,Faro,FD
8806.70000,normal,APU-20,28,728,Ludwigslust,FB
2769.20000,L,APU-12,16,729,Wanzleben,FB
11034.50000,H,APU-15,115,730,Johnsonstad,FA
10952.30000,N,APU-12,16,731,Vizela,FD
16564.30000,light,APU-15,48,732,São Mamede de Infesta,FC
,2,XC-7,31,733,Stricklandberg,FA
17473.30000,med,APU-20,77,734,Beja,FE
24783.30000, light ,XC-7,8,735,Jessicaburgh,FB
42570.00000,light,APU-12,68,736,Sankt Goar,FE
10890.00000,1,APU-15,51,737,Ebermannstadt,FD
13631.80000,L,APU-20,33,738,Badalzungen,FA
10606.40000,normal,APU-12,43,739,Malchin,FE
9122.50000,light,APU-15,20,740,Lake Shawnville,FD
4735.90000,H,APU-12,89,741,Haleystad,FE
13866.90000,normal,XC-7,74,742,Rudolstadt,FA
39893.40000, 1 ,APU-12,21,743,Faro,FD
12308.70000,H,APU-12,94,744,Rio Tinto,FD
20477.10000,2,APU-15,73,745,Paulland,FE
35695.90000,normal,XC-7,67,746,Russelltown,FC
5230.80000,1,XC-7,36,747,Ashleychester,FA
5895.70000,L,APU-20,26,748,Lake Shawnville,FE
19253.00000,1,APU-20,34,749,Lake Shawnville,FE
11231.70000,light,APU-12,30,750,Havelberg,FE
11687.40000, 3 ,APU-20,61,751,Stricklandberg,FE
,L,APU-20,7,752,East Wayneside,FD
8409.40000, N ,APU-15,74,753,West Alyssa,FA
42323.90000,3,XC-7,106,754,Michaelfurt,FB
5490.40000,heavy,APU-12,87,755,West Sierra,FE
8305.30000,2,XC-7,59,756,South Jennifer,FC
3961.20000,1,XC-7,34,757,Russelltown,FD
9564.70000,heavy,APU-12,93,758,Brandonborough,FE
6684.20000,H,APU-20,74,759,São Mamede de Infesta,FE
9893.20000, 2 ,APU-20,74,760,Barrborough,FE
12794.70000,3,APU-12,92,761,Stuttgart,FE
3347.60000,2,APU-15,30,762,Beja,FC
5374.60000,med,APU-12,70,763,Esmoriz,FB
4081.60000,L,APU-12,39,764,Russelltown,FA
18757.10000,1,XC-7,31,765,Vizela,FE
10893.80000,2,XC-7,5,766,Barrborough,FD
20979.10000,L,APU-20,25,767,Port Thomasfurt,FE
22949.40000, L ,APU-15,100,768,Johnsonstad,FE
18378.10000,light,XC-7,29,769,Oliveira do Bairro,FC
9628.20000,L,APU-12,92,770,Badalzungen,FB
20428.00000,light,APU-15,101,771,Gandra,FA
4789.20000,light,APU-12,3,772,Ashleychester,FC
3994.50000,N,XC-7,77,773,Danachester,FB
11478.10000,N,APU-12,47,774,Stricklandberg,FC
10717.70000,L,APU-20,25,775,Rudolstadt,FA
4925.10000,H,APU-15,83,776,Michaelfurt,FE
8125.30000,L,APU-15,88,777,Lake Shawnville,FC
7707.70000,3,XC-7,99,778,Faro,FA
6276.60000,normal,APU-15,53,779,Esmoriz,FC
9496.70000,heavy,APU-12,83,780,Jülich,FD
, H ,APU-20,81,781,Altentreptow,FE
3662.60000,med,APU-12,68,782,Pombal,FE
9038.20000,3,XC-7,24,783,West Michaelborough,FE
24707.10000,3,APU-12,100,784,Port Thomasfurt,FE
12601.40000,med,APU-15,33,785,Vila Nova de Gaia,FE
9324.20000, light ,APU-12,1,786,Duderstadt,FD
10456.20000,1,APU-12,4,787,Altentreptow,FE
12770.20000,2,APU-20,74,788,Havelberg,FB
10534.90000,light,XC-7,21,789,Russelltown,FD
9457.50000,L,XC-7,35,790,Port Thomasfurt,FB
5941.90000,N,XC-7,4,791,Ludwigslust,FE
14505.40000,L,APU-20,24,792,Barrborough,FA
14423.30000,light,APU-20,119,793,Sandovalhaven,FE
12081.10000,L,APU-15,0,794,Faro,FB
20425.60000,3,XC-7,111,795,Vila Nova de Gaia,FB
13634.60000, H ,APU-12,89,796,Haleystad,FD
45000.00000, light ,APU-20,0,797,Sandovalhaven,FD
19399.20000,N,APU-20,57,798,Altentreptow,FC
13873.30000,3,APU-20,64,799,Haleystad,FE
6313.80000,light,APU-12,20,800,West Michaelborough,FC
9654.50000,3,APU-12,26,801,Auerbach,FA
12058.70000,H,APU-12,111,802,Ebermannstadt,FD
19598.80000,2,XC-7,40,803,Wanzleben,FC
4849.30000,normal,APU-12,109,804,Michaelfurt,FC
12787.30000,normal,APU-20,73,805,Ebermannstadt,FB
25748.90000,heavy,APU-15,109,806,West Alyssa,FE
4324.40000,N,APU-20,46,807,Ashleychester,FC
11678.00000,L,XC-7,67,808,West Michaelborough,FC
31669.60000,light,APU-20,5,809,Malchin,FD
10633.10000,L,APU-12,18,810,Jülich,FC
26172.50000,3,APU-20,88,811,Sandovalhaven,FD
4228.60000,2,APU-12,56,812,Oliveira do Bairro,FD
,light,XC-7,1,813,Paderborn,FB
4073.60000,med,APU-15,93,814,Davidberg,FA
19107.40000,normal,APU-20,94,815,Rio Tinto,FD
6844.10000,L,XC-7,9,816,Merseburg,FC
6026.10000,heavy,APU-20,114,817,Gütersloh,FD
10842.80000,1,APU-15,14,818,Gütersloh,FE
, 2 ,XC-7,42,819,Malchin,FE
11424.30000,L,APU-12,20,820,Schwandorf,FC
15912.00000,N,APU-15,55,821,Beja,FB
5975.10000,L,APU-20,37,822,Brandonborough,FE
32914.40000,L,XC-7,12,823,Sandovalhaven,FA
24518.50000,med,APU-12,56,824,Almeirim,FA
11544.30000,normal,APU-15,59,825,Pooleberg,FA
5098.90000,L,XC-7,5,826,Haleystad,FD
15369.70000, N ,APU-12,70,827,Johnsonstad,FA
25931.40000,normal,APU-20,74,828,Ebermannstadt,FC
8296.00000,H,APU-20,108,829,South Jennifer,FD
12436.90000,H,APU-20,64,830,East Wayneside,FC
4732.00000,L,APU-15,29,831,Aveiro,FA
10034.90000, H ,APU-20,78,832,Auerbach,FE
10327.10000,heavy,APU-15,94,833,Port Thomasfurt,FC
15619.20000,2,APU-20,77,834,Jülich,FE
5762.70000,light,APU-20,15,835,Pooleberg,FD
16198.00000,H,APU-12,98,836,Aveiro,FD
32473.10000, normal ,APU-12,59,837,Johnsonstad,FD
11096.70000,N,APU-12,78,838,Ashleychester,FD
16920.70000,heavy,APU-20,92,839,Cuxhaven,FB
20380.40000,light,XC-7,38,840,Port Thomasfurt,FE
10565.50000,light,APU-12,4,841,West Alyssa,FD
22408.00000,L,APU-12,45,842,Altentreptow,FD
11378.60000, med ,XC-7,22,843,West Sierra,FD
4616.10000,normal,APU-20,46,844,New David,FB
21475.30000, N ,XC-7,40,845,Cuxhaven,FA
14225.30000,normal,APU-20,67,846,Malchin,FB
15912.60000,1,XC-7,18,847,Ebermannstadt,FC
22662.70000, H ,APU-20,100,848,Oliveira do Bairro,FC
17404.60000,H,APU-15,34,849,East Wayneside,FE
16974.40000,med,APU-12,57,850,Lake Shawnville,FE
,2,XC-7,70,851,Jülich,FD
6427.60000,light,XC-7,35,852,Paulland,FC
8139.40000,light,APU-12,30,853,Paulland,FE
6807.90000,light,APU-15,36,854,Rosechester,FA
19398.70000,H,APU-12,108,855,Bremervörde,FC
20561.30000,N,APU-12,67,856,Gütersloh,FE
8364.80000,N,APU-12,49,857,Stuttgart,FD
39416.20000,2,APU-12,63,858,Port Thomasfurt,FC
28740.70000,light,APU-12,54,859,Davidberg,FE
, 2 ,XC-7,84,860,Lake Shawnville,FA
7090.60000,3,APU-15,106,861,Sankt Goar,FB
22832.90000,N,APU-15,81,862,Badalzungen,FC
21602.40000,H,XC-7,90,863,Rudolstadt,FA
7692.20000,heavy,APU-20,28,864,Russelltown,FA
14446.70000,H,APU-15,13,865,Penafiel,FE
11326.20000,heavy,APU-20,112,866,West Alyssa,FA
,normal,APU-15,69,867,Jülich,FC
17548.60000,med,XC-7,43,868,Sankt Goar,FE
, light ,XC-7,27,869,Stricklandberg,FA
33601.70000,med,APU-20,15,870,Costa da Caparica,FE
,N,APU-12,24,871,Jessicaburgh,FD
9189.70000,L,APU-20,28,872,Danachester,FE
25002.20000,heavy,APU-15,114,873,Malchin,FB
4766.60000,2,APU-12,44,874,Cuxhaven,FC
10184.60000,heavy,APU-15,68,875,Davidberg,FC
2456.90000,L,APU-12,11,876,Sankt Goar,FB
19553.40000,3,XC-7,6,877,Gütersloh,FD
32186.10000,heavy,APU-20,95,878,Vila Nova de Gaia,FA
6459.60000, 1 ,APU-20,33,879,Malchin,FE
7830.60000,normal,XC-7,73,880,Vizela,FA
15081.10000,light,XC-7,20,881,Cuxhaven,FB
9858.70000,3,XC-7,81,882,Penafiel,FA
9115.90000,1,XC-7,4,883,Gandra,FC
2662.00000,N,APU-20,78,884,Freamunde,FD
10991.10000,N,APU-20,70,885,East Wayneside,FC
12113.50000,L,APU-20,13,886,Malchin,FD
25358.60000,heavy,APU-12,82,887,Penafiel,FE
21206.00000,L,APU-12,10,888,Gandra,FA
10559.80000,N,APU-12,62,889,Penafiel,FD
23790.00000,light,XC-7,11,890,Sankt Goar,FB
8880.00000,2,XC-7,59,891,West Sierra,FC
9133.90000,L,APU-12,3,892,Sherimouth,FE
11467.40000, heavy ,APU-15,75,893,Paderborn,FB
,3,APU-20,117,894,Sandovalhaven,FC
25007.70000,med,XC-7,48,895,Brandonborough,FC
6524.80000,light,XC-7,39,896,Esmoriz,FB
5006.90000,med,APU-15,55,897,Vizela,FE
6629.90000,heavy,APU-20,97,898,Vizela,FC
7667.00000,L,XC-7,16,899,Altentreptow,FE
25588.50000,light,XC-7,19,900,Cuxhaven,FD
9621.90000,1,APU-20,19,901,West Sierra,FD
24908.40000,heavy,APU-15,103,902,Jülich,FC
24174.20000, N ,APU-15,49,903,Davidberg,FA
27304.70000,1,APU-15,24,904,Port Thomasfurt,FD
22774.90000,2,APU-15,76,905,Rio Tinto,FD
12680.00000, 1 ,APU-15,12,906,East Wayneside,FE
19934.00000,light,APU-20,21,907,East Wayneside,FA
29756.40000,light,XC-7,73,908,Michaelfurt,FA
,2,XC-7,48,909,Russelltown,FA
7015.10000,N,XC-7,71,910,West Sierra,FA
16018.50000,3,APU-20,118,911,São Mamede de Infesta,FC
13364.90000,2,APU-20,48,912,Auerbach,FD
9514.50000,heavy,APU-12,7,913,Pooleberg,FC
27127.30000,light,APU-15,56,914,Badalzungen,FA
,N,APU-15,59,915,Altentreptow,FA
9851.60000, 1 ,XC-7,118,916,Pooleberg,FD
,light,XC-7,35,917,Paulland,FE
,H,APU-15,90,918,Johnsonstad,FD
, 2 ,APU-20,75,919,Pooleberg,FB
15902.30000,1,APU-20,10,920,São Mamede de Infesta,FA
18803.80000,normal,APU-12,53,921,Sherimouth,FE
20743.00000,normal,XC-7,20,922,Auerbach,FA
12338.00000,L,APU-20,71,923,Jülich,FC
11557.60000,H,XC-7,80,924,Sankt Goar,FA
30497.50000,heavy,APU-12,68,925,Davidberg,FA
18310.70000, 2 ,XC-7,53,926,Cuxhaven,FD
20361.10000,normal,XC-7,58,927,São Mamede de Infesta,FE
,2,APU-15,78,928,West Alyssa,FC
29319.80000,1,XC-7,14,929,Almeirim,FD
21358.90000,H,XC-7,33,930,Wanzleben,FE
8214.90000,heavy,APU-20,90,931,Malchin,FD
16166.50000,L,APU-12,5,932,New David,FC
4668.60000,H,XC-7,102,933,Jessicaburgh,FD
,H,APU-15,88,934,Cuxhaven,FA
29816.50000,1,APU-15,18,935,Sankt Goar,FB
21537.60000,L,XC-7,1,936,Schwandorf,FA
17717.30000,1,APU-12,36,937,Sankt Goar,FA
6001.60000,med,APU-15,102,938,Pooleberg,FC
15478.70000,heavy,APU-15,110,939,Havelberg,FA
7912.00000,med,XC-7,52,940,Jessicaburgh,FC
16921.60000,N,APU-12,76,941,Stuttgart,FA
,3,APU-15,109,942,Rudolstadt,FA
4293.80000,light,APU-15,58,943,Rio Tinto,FB
11477.70000,3,XC-7,109,944,Gandra,FD
20844.40000,H,APU-15,97,945,Stuttgart,FB
,1,XC-7,75,946,Dresden,FB
13508.80000,L,APU-12,34,947,Danachester,FE
20469.20000,3,APU-12,16,948,Danachester,FD
12970.50000,3,APU-15,99,949,Sandovalhaven,FD
9127.30000,light,APU-20,12,950,Sherimouth,FC
12523.90000,normal,APU-20,40,951,Ashleychester,FC
12022.10000,2,XC-7,46,952,Russelltown,FE
5127.30000,2,APU-20,119,953,Dresden,FA
24449.50000,1,APU-12,17,954,Aveiro,FC
10298.10000,normal,XC-7,69,955,Schwandorf,FA
,1,APU-12,33,956,Brandonborough,FD
16926.90000,med,XC-7,45,957,Haleystad,FB
18191.20000,heavy,XC-7,95,958,Jülich,FD
45000.00000,normal,APU-15,42,959,Schwandorf,FD
6918.80000,med,APU-20,48,960,Malchin,FD
11205.90000,heavy,APU-15,117,961,Almeirim,FA
19191.40000,3,XC-7,114,962,Paderborn,FB
10426.90000,light,APU-20,33,963,Sandovalhaven,FB
9207.10000,1,APU-12,52,964,Almeirim,FC
10012.50000, heavy ,APU-15,84,965,New David,FA
14844.40000,med,APU-20,73,966,Merseburg,FA
9548.10000,L,APU-15,32,967,Brandonborough,FA
3651.40000,1,APU-20,28,968,Gütersloh,FD
9905.80000,normal,APU-15,73,969,Paulland,FB
18496.00000,1,APU-20,31,970,Brandonborough,FB
,3,APU-20,110,971,Port Thomasfurt,FE
13787.50000,heavy,APU-20,101,972,Costa da Caparica,FD
6477.00000,med,APU-12,69,973,Gütersloh,FE
18768.90000,H,APU-15,14,974,Ludwigslust,FC
19699.40000,heavy,APU-15,15,975,Stuttgart,FC
7578.10000,L,XC-7,31,976,Russelltown,FD
19283.70000,2,APU-15,52,977,Rudolstadt,FD
9490.90000,1,APU-15,39,978,Rudolstadt,FB
19373.50000,3,APU-12,104,979,Paulland,FD
6576.10000,N,APU-12,68,980,Paderborn,FD
,light,APU-20,30,981,Barrborough,FE
7377.40000,1,APU-20,37,982,Jülich,FC
19079.10000,1,XC-7,38,983,Dresden,FA
22631.10000,H,APU-20,88,984,Bremervörde,FE
19491.10000,heavy,APU-15,15,985,Ashleychester,FD
5475.90000,H,APU-20,109,986,Russelltown,FD
6894.20000,2,APU-20,45,987,Beja,FC
6775.80000, L ,APU-15,21,988,New David,FB
10544.40000,1,APU-15,12,989,Stuttgart,FB
5003.20000, L ,APU-12,10,990,Oliveira do Bairro,FC
11581.80000,2,APU-12,74,991,Beja,FC
11199.90000,H,APU-12,7,992,Vila Nova de Gaia,FE
18687.90000,3,APU-15,109,993,Michaelfurt,FD
,L,APU-15,36,994,Ebermannstadt,FE
17872.70000,L,APU-20,34,995,Altentreptow,FE
5341.80000,2,APU-12,35,996,Havelberg,FB
,normal,APU-15,46,997,Sherimouth,FE
6179.00000,1,APU-12,29,998,Altentreptow,FB
13383.90000,1,APU-12,36,999,Lake Shawnville,FE
20890.30000,2,APU-20,87,1000,Pooleberg,FB
24531.40000, normal ,XC-7,48,1001,Schwandorf,FA
18941.50000,3,XC-7,101,1002,Gandra,FE
, 1 ,XC-7,21,1003,Ashleychester,FA
8835.10000,L,APU-20,27,1004,South Jennifer,FB
10175.20000, normal ,APU-12,116,1005,Malchin,FD
23421.20000,med,XC-7,61,1006,Sandovalhaven,FC
21366.00000,normal,APU-20,49,1007,Duderstadt,FD
11183.10000,med,APU-12,42,1008,Barrborough,FA
14056.30000,normal,APU-20,56,1009,New David,FB
10928.60000,H,XC-7,85,1010,Ebermannstadt,FD
34184.80000,light,XC-7,24,1011,Michaelfurt,FA
6545.40000,normal,XC-7,50,1012,Stuttgart,FD
8550.70000,H,XC-7,77,1013,Vizela,FE
24120.40000,light,APU-15,14,1014,Penafiel,FC
7013.40000,normal,APU-20,44,1015,South Jennifer,FB
5847.10000,med,APU-15,34,1016,Davidberg,FB
9875.10000,1,APU-12,33,1017,Duderstadt,FD
9051.40000,light,XC-7,20,1018,Penafiel,FD
45000.00000,H,XC-7,4,1019,Ashleychester,FE
9650.90000,1,XC-7,39,1020,Michaelfurt,FD
12860.20000,med,APU-15,64,1021,South Jennifer,FC
10982.60000,H,APU-15,113,1022,West Michaelborough,FE
29039.60000,2,XC-7,72,1023,Auerbach,FB
15243.10000,2,APU-15,34,1024,Barrborough,FE
9607.70000,light,XC-7,22,1025,Aveiro,FA
21462.80000,1,XC-7,38,1026,Rio Tinto,FE
9578.90000,light,XC-7,16,1027,Beja,FB
13953.70000,med,APU-15,61,1028,Ashleychester,FC
11924.20000,1,XC-7,63,1029,Stricklandberg,FC
24632.90000, normal ,XC-7,65,1030,Sandovalhaven,FE
3812.70000,light,XC-7,9,1031,Sandovalhaven,FC
13190.30000,1,APU-20,98,1032,Port Thomasfurt,FC
8015.60000,H,APU-20,104,1033,West Sierra,FE
8994.60000,2,APU-12,26,1034,Barrborough,FC
12860.60000, H ,APU-12,92,1035,Ebermannstadt,FC
16794.30000,med,APU-12,46,1036,Freamunde,FA
17701.30000,2,APU-15,41,1037,Davidberg,FD
11672.70000, heavy ,APU-20,26,1038,Rosechester,FC
6592.60000,1,APU-20,51,1039,Havelberg,FB
4923.40000,N,XC-7,107,1040,Jülich,FB
21658.30000, 2 ,APU-20,44,1041,Haleystad,FE
12290.80000, light ,XC-7,39,1042,Jessicaburgh,FA
5071.00000,1,APU-15,24,1043,Faro,FD
13354.70000,light,APU-20,13,1044,Stuttgart,FC
, 2 ,APU-15,60,1045,Auerbach,FE
,normal,APU-20,49,1046,West Alyssa,FA
, heavy ,XC-7,50,1047,West Sierra,FB
4835.60000,L,APU-12,55,1048,Sandovalhaven,FE
17375.20000,1,APU-12,5,1049,Rio Tinto,FD
24999.00000,1,APU-15,70,1050,Dresden,FA
7281.30000,L,XC-7,0,1051,Duderstadt,FC
45000.00000,med,APU-12,45,1052,Stuttgart,FA
13235.90000, 1 ,APU-15,30,1053,Havelberg,FA
6484.30000,N,APU-12,60,1054,Dresden,FE
12861.20000,med,APU-12,48,1055,Ashleychester,FB
39428.70000,light,APU-20,36,1056,Oliveira do Bairro,FC
25000.20000,L,APU-15,29,1057,Gandra,FA
3462.00000,L,APU-12,5,1058,Gandra,FC
28423.80000,H,APU-15,115,1059,São Mamede de Infesta,FC
13029.20000,L,APU-20,37,1060,Schwandorf,FD
6912.60000,N,XC-7,61,1061,Port Thomasfurt,FD
13613.30000,normal,APU-20,60,1062,Aveiro,FD
,light,APU-20,100,1063,Michaelfurt,FC
22653.20000,H,APU-15,83,1064,West Michaelborough,FB
17628.90000,2,APU-12,41,1065,Rio Tinto,FC
6346.20000,1,XC-7,20,1066,Sandovalhaven,FC
7028.90000, H ,XC-7,113,1067,Almeirim,FC
18031.60000,L,APU-15,19,1068,Sankt Goar,FC
13768.00000,heavy,APU-12,33,1069,Jülich,FE
16472.70000,2,XC-7,79,1070,Stricklandberg,FA
23285.30000,L,APU-12,27,1071,Cuxhaven,FC
6344.20000,1,APU-15,14,1072,Rudolstadt,FA
9181.50000,med,APU-15,67,1073,Port Thomasfurt,FE
9200.10000,light,APU-15,6,1074,Sherimouth,FB
13531.30000,H,APU-20,23,1075,Vizela,FA
8913.40000,H,APU-12,101,1076,New David,FE
19642.30000,heavy,APU-15,81,1077,Oliveira do Bairro,FD
14055.50000,N,APU-12,54,1078,Davidberg,FD
14345.70000,3,XC-7,49,1079,Dresden,FA
11247.20000,normal,XC-7,4,1080,Esmoriz,FD
24392.60000,N,APU-12,75,1081,Almeirim,FB
10502.30000,1,XC-7,18,1082,Ashleychester,FC
9593.10000,light,APU-15,8,1083,Pombal,FA
8943.30000,med,APU-15,69,1084,West Michaelborough,FA
9502.00000,L,APU-12,20,1085,Havelberg,FB
13706.70000,med,APU-20,47,1086,Pooleberg,FA
7943.60000,2,APU-15,108,1087,Vila Nova de Gaia,FB
8768.80000,normal,APU-20,68,1088,Barrborough,FB
11290.60000,light,APU-12,34,1089,Dresden,FE
28777.30000,L,APU-12,31,1090,Paulland,FB
7948.30000,H,XC-7,77,1091,Sherimouth,FE
5399.10000,L,XC-7,10,1092,South Jennifer,FD
13355.60000, N ,APU-20,58,1093,Danachester,FD
22288.90000,H,XC-7,115,1094,Auerbach,FA
11624.30000,2,XC-7,48,1095,Rosechester,FD
25777.70000,med,APU-12,48,1096,Jülich,FC
12326.60000,L,APU-12,26,1097,Danachester,FB
13473.20000,L,XC-7,32,1098,Jessicaburgh,FB
7122.00000,1,APU-15,37,1099,Barrborough,FD
,H,APU-20,113,1100,West Sierra,FA
23324.00000,2,APU-15,56,1101,Oliveira do Bairro,FE
8639.40000, H ,APU-20,98,1102,Cuxhaven,FD
18258.70000,med,APU-20,57,1103,Sankt Goar,FA
11539.10000,heavy,APU-20,97,1104,Rio Tinto,FB
6731.10000,H,APU-20,100,1105,Jessicaburgh,FB
14813.10000,1,APU-15,22,1106,West Sierra,FD
18767.20000,normal,APU-12,79,1107,Esmoriz,FE
9832.40000,med,XC-7,90,1108,Haleystad,FE
26820.90000,L,APU-12,28,1109,Esmoriz,FD
19178.50000,normal,APU-12,62,1110,Michaelfurt,FB
9341.10000,3,APU-15,58,1111,Faro,FD
10390.10000,H,APU-15,87,1112,Altentreptow,FE
43695.70000, med ,XC-7,65,1113,Port Thomasfurt,FE
8073.00000,med,APU-20,42,1114,Altentreptow,FA
8853.50000,light,APU-12,18,1115,Paulland,FD
6350.30000,3,XC-7,119,1116,Jülich,FE
45000.00000,3,APU-15,101,1117,New David,FE
5829.70000,heavy,APU-12,110,1118,Sandovalhaven,FD
, N ,APU-15,42,1119,Almeirim,FD
28819.90000,H,APU-15,104,1120,Sankt Goar,FC
7809.30000,H,APU-12,103,1121,Paulland,FD
, heavy ,APU-15,100,1122,Rio Tinto,FD
18076.80000, L ,APU-12,39,1123,Johnsonstad,FE
17724.40000,H,APU-20,109,1124,Rudolstadt,FD
6052.90000,heavy,APU-20,118,1125,Stuttgart,FA
17559.60000, L ,APU-15,5,1126,Cuxhaven,FC
15880.80000,light,APU-20,30,1127,Sherimouth,FB
10827.90000,L,APU-12,18,1128,Stuttgart,FD
12938.90000,light,APU-12,41,1129,Ebermannstadt,FB
18225.60000, med ,XC-7,68,1130,Sandovalhaven,FA
31753.40000, light ,XC-7,38,1131,West Sierra,FE
6333.20000,N,XC-7,22,1132,Stuttgart,FC
8379.40000,heavy,APU-15,84,1133,Bremervörde,FE
7213.20000,normal,XC-7,60,1134,Aveiro,FD
17484.90000,L,APU-20,10,1135,Auerbach,FE
7177.00000,2,APU-20,78,1136,Paderborn,FD
12357.40000,H,XC-7,61,1137,East Wayneside,FA
13028.90000,2,APU-20,69,1138,Vizela,FD
,1,APU-12,1,1139,West Alyssa,FD
8061.60000,2,APU-15,45,1140,Bremervörde,FE
3620.50000,3,APU-12,93,1141,Aveiro,FE
6792.80000,heavy,APU-20,80,1142,Cuxhaven,FD
10123.50000,H,APU-20,33,1143,Beja,FE
17469.70000,med,XC-7,70,1144,Jülich,FE
6992.70000,1,APU-15,12,1145,Michaelfurt,FC
9246.60000,heavy,APU-12,52,1146,Costa da Caparica,FD
29827.40000,3,APU-20,103,1147,Gandra,FD
9334.10000,med,XC-7,52,1148,Danachester,FB
4563.00000,L,APU-15,16,1149,Faro,FB
16279.20000,N,APU-12,5,1150,Faro,FA
35164.00000,light,XC-7,16,1151,São Mamede de Infesta,FC
14921.10000,heavy,APU-12,89,1152,Cuxhaven,FA
4646.30000,3,APU-12,98,1153,Port Thomasfurt,FC
9033.80000,1,XC-7,30,1154,Altentreptow,FB
8062.70000, heavy ,APU-20,118,1155,Johnsonstad,FA
8350.30000, 3 ,APU-15,115,1156,Wanzleben,FA
6337.20000,med,APU-15,61,1157,Faro,FA
7079.40000,light,XC-7,43,1158,Havelberg,FA
3284.90000,med,APU-20,70,1159,Malchin,FC
8243.50000,N,APU-12,56,1160,Cuxhaven,FE
6653.50000,normal,XC-7,52,1161,Havelberg,FB
19450.10000,3,APU-12,113,1162,Ashleychester,FA
8291.40000,N,APU-15,51,1163,Havelberg,FC
10473.10000,N,APU-15,69,1164,East Wayneside,FA
6692.70000,normal,XC-7,51,1165,Port Thomasfurt,FD
4348.00000,1,APU-20,15,1166,Davidberg,FC
8639.80000,normal,XC-7,49,1167,Dresden,FD
15741.90000,med,APU-20,72,1168,Pombal,FD
14448.30000,med,APU-20,72,1169,Bremervörde,FE
17310.30000,1,APU-20,38,1170,Ebermannstadt,FA
7290.80000,3,XC-7,55,1171,Costa da Caparica,FC
,1,APU-20,27,1172,Gandra,FB
25036.30000,1,APU-20,5,1173,New David,FB
13561.20000,3,XC-7,103,1174,Sankt Goar,FC
8595.20000,1,APU-12,17,1175,Costa da Caparica,FA
12516.50000,2,APU-15,52,1176,Freamunde,FB
8644.60000,3,APU-12,113,1177,Danachester,FE
6906.60000,N,APU-20,51,1178,Gandra,FD
8742.40000,3,APU-12,85,1179,Dresden,FA
8997.20000,2,XC-7,46,1180,Duderstadt,FA
, normal ,XC-7,56,1181,East Wayneside,FA
8330.20000,H,APU-12,93,1182,Barrborough,FD
8827.30000,L,APU-20,37,1183,Cuxhaven,FA
20464.60000,med,APU-20,65,1184,Ebermannstadt,FB
14429.60000,L,APU-12,74,1185,Haleystad,FA
9821.80000,1,APU-15,37,1186,West Alyssa,FB
22304.40000,light,APU-12,94,1187,Esmoriz,FA
13998.30000,1,APU-20,5,1188,Paderborn,FE
,med,APU-15,59,1189,Rio Tinto,FC
25322.20000,light,APU-12,28,1190,Malchin,FC
8846.10000,light,APU-12,23,1191,Danachester,FE
9217.10000,med,XC-7,110,1192,Freamunde,FE
13760.90000,L,APU-12,69,1193,Esmoriz,FA
22261.90000,normal,APU-20,41,1194,Stuttgart,FD
39460.20000,normal,APU-20,107,1195,Pombal,FB
24539.60000,heavy,APU-12,88,1196,Cuxhaven,FB
21521.10000,heavy,APU-20,30,1197,Cuxhaven,FD
15579.90000,med,APU-15,72,1198,Malchin,FE
3772.90000,heavy,APU-20,114,1199,Pooleberg,FE
15793.80000,1,XC-7,44,1200,Sandovalhaven,FC
38190.70000,L,APU-12,37,1201,Wanzleben,FE
4703.60000,med,APU-15,77,1202,Gandra,FE
5731.80000,med,XC-7,57,1203,East Wayneside,FC
19137.20000,med,APU-15,44,1204,Jülich,FA
16447.00000,1,XC-7,37,1205,Jülich,FA
4371.00000,heavy,APU-20,119,1206,Dresden,FB
, heavy ,APU-15,109,1207,Davidberg,FC
12476.00000, normal ,APU-12,102,1208,Aveiro,FE
18244.80000,N,APU-12,52,1209,Dresden,FD
8621.40000,1,APU-12,29,1210,Jessicaburgh,FE
6611.00000,light,APU-20,15,1211,Auerbach,FC
17138.50000,L,APU-20,89,1212,Malchin,FD
13887.00000,3,APU-12,106,1213,Cuxhaven,FD
22392.40000,1,XC-7,64,1214,Sandovalhaven,FC
45000.00000, H ,XC-7,100,1215,Jülich,FE
13303.20000,1,APU-15,15,1216,Altentreptow,FA
7599.70000, heavy ,APU-12,80,1217,Danachester,FC
16832.30000,2,APU-15,76,1218,Pooleberg,FD
11090.90000,H,XC-7,119,1219,Gütersloh,FC
22575.20000,3,APU-15,95,1220,New David,FE
9278.50000,2,APU-12,55,1221,Russelltown,FD
13755.10000,light,APU-20,26,1222,Brandonborough,FD
20963.60000,med,APU-15,44,1223,West Alyssa,FB
8067.10000,med,APU-15,87,1224,Havelberg,FE
8564.00000,1,APU-15,88,1225,Ashleychester,FA
14466.20000,L,APU-20,31,1226,Oliveira do Bairro,FD
7095.40000, light ,APU-12,13,1227,Pooleberg,FA
11100.90000,1,APU-15,8,1228,Havelberg,FD
26569.80000,1,XC-7,15,1229,Russelltown,FC
5381.40000,H,XC-7,115,1230,Sherimouth,FD
15188.50000,L,XC-7,2,1231,Esmoriz,FC
16777.10000,1,APU-15,25,1232,Ebermannstadt,FB
11175.80000,heavy,XC-7,87,1233,Jessicaburgh,FC
4827.80000,1,APU-12,6,1234,Gandra,FA
15320.00000,N,APU-20,68,1235,Vila Nova de Gaia,FC
23968.40000,L,APU-15,39,1236,Lake Shawnville,FA
45000.00000,light,APU-15,34,1237,Rudolstadt,FA
10778.20000,med,APU-20,63,1238,Michaelfurt,FC
35210.40000,med,APU-20,95,1239,Pombal,FC
13277.00000, H ,APU-15,117,1240,Stricklandberg,FA
32195.00000,L,XC-7,19,1241,Sandovalhaven,FA
20007.30000,2,APU-20,53,1242,Auerbach,FC
16727.50000,L,APU-12,33,1243,Cuxhaven,FC
22483.20000,normal,APU-12,47,1244,Pombal,FD
5358.20000, H ,APU-15,91,1245,Haleystad,FC
22994.80000,L,XC-7,64,1246,Sandovalhaven,FD
7189.40000,N,APU-15,73,1247,Pombal,FE
26826.90000,N,APU-15,67,1248,Sandovalhaven,FC
8017.40000,L,APU-15,22,1249,Ludwigslust,FD
6614.30000,normal,APU-12,56,1250,Bremervörde,FE
38291.80000,H,APU-20,82,1251,Jülich,FE
20926.80000,normal,XC-7,71,1252,Havelberg,FA
6281.70000, L ,APU-15,5,1253,Russelltown,FC
3664.00000,light,APU-20,5,1254,Malchin,FE
12469.40000,1,APU-20,32,1255,Pooleberg,FE
16189.30000,H,APU-12,81,1256,Jessicaburgh,FE
3801.90000,heavy,APU-12,81,1257,Ashleychester,FD
,normal,APU-12,76,1258,Jessicaburgh,FB
5943.80000,med,XC-7,32,1259,Bremervörde,FB
7930.40000,med,APU-20,63,1260,Dresden,FA
13951.80000,1,XC-7,6,1261,Rudolstadt,FD
24057.20000,1,XC-7,26,1262,Wanzleben,FA
23244.80000,L,APU-20,24,1263,Rudolstadt,FE
15727.60000,light,APU-12,46,1264,Esmoriz,FA
19499.70000,1,APU-15,112,1265,Dresden,FA
7319.60000,heavy,APU-12,95,1266,Ebermannstadt,FB
12425.00000,N,APU-20,71,1267,Altentreptow,FB
5505.50000,1,APU-20,37,1268,Rosechester,FB
12905.30000,H,APU-20,82,1269,Aveiro,FA
6558.30000, H ,XC-7,118,1270,Brandonborough,FD
6511.20000, H ,APU-20,93,1271,Cuxhaven,FA
12696.60000,H,APU-12,59,1272,Badalzungen,FC
31949.20000,H,APU-12,91,1273,Jülich,FE
6611.10000, light ,APU-15,38,1274,Penafiel,FA
19734.00000,N,APU-12,69,1275,Russelltown,FA
,L,XC-7,22,1276,São Mamede de Infesta,FE
31810.00000,N,APU-20,43,1277,Altentreptow,FB
20223.20000,3,APU-15,111,1278,Malchin,FB
33314.00000,3,APU-12,66,1279,Beja,FA
11281.10000, H ,APU-15,15,1280,Altentreptow,FB
,1,APU-15,119,1281,Rio Tinto,FD
5931.10000,N,APU-12,73,1282,Schwandorf,FD
,light,APU-12,27,1283,Costa da Caparica,FE
13587.80000,1,APU-20,32,1284,Gandra,FC
11208.80000,2,APU-12,69,1285,Aveiro,FE
31807.00000,med,APU-12,118,1286,Rio Tinto,FC
6946.20000,H,APU-15,112,1287,Beja,FD
20126.20000,light,APU-15,64,1288,Havelberg,FC
6688.90000,2,APU-20,43,1289,Badalzungen,FE
18305.80000, heavy ,XC-7,78,1290,Pombal,FE
12939.50000, med ,APU-12,49,1291,Ebermannstadt,FD
8050.10000,3,APU-15,118,1292,Sandovalhaven,FB
7281.40000,med,APU-20,65,1293,Auerbach,FE
12920.10000,3,APU-12,84,1294,Brandonborough,FD
23292.40000,med,APU-15,42,1295,Stricklandberg,FA
36697.80000,heavy,APU-20,96,1296,Malchin,FA
13339.40000,heavy,APU-12,107,1297,Ashleychester,FE
18788.50000,1,XC-7,0,1298,Aveiro,FB
23189.20000,light,APU-20,21,1299,Rio Tinto,FC
12335.80000,light,APU-20,35,1300,Oliveira do Bairro,FB
6928.60000,H,APU-12,82,1301,Badalzungen,FD
,light,APU-15,38,1302,Auerbach,FB
45000.00000,N,XC-7,57,1303,Malchin,FA
8087.70000,L,APU-12,11,1304,Sandovalhaven,FA
15628.90000,light,APU-20,5,1305,Jessicaburgh,FD
19005.40000,2,APU-20,32,1306,Rudolstadt,FB
22010.40000, heavy ,APU-20,102,1307,South Jennifer,FC
7597.70000,normal,APU-12,42,1308,Barrborough,FC
10881.10000,2,APU-15,40,1309,Freamunde,FB
12022.80000,N,APU-20,55,1310,Beja,FC
36956.00000, 1 ,APU-20,27,1311,Badalzungen,FE
8879.00000,1,APU-20,71,1312,Paderborn,FA
12028.60000,H,APU-20,43,1313,Faro,FC
14715.10000,normal,APU-12,53,1314,Haleystad,FA
11517.20000,N,APU-20,46,1315,New David,FB
20841.20000,H,APU-15,105,1316,Merseburg,FC
12365.70000,med,APU-12,45,1317,Pooleberg,FD
8690.90000,2,APU-15,33,1318,Haleystad,FC
5635.50000,2,XC-7,70,1319,Esmoriz,FC
10220.60000,heavy,XC-7,100,1320,Ludwigslust,FA
25039.00000,med,APU-20,47,1321,Rosechester,FD
5450.20000,N,APU-15,62,1322,South Jennifer,FC
12719.50000, heavy ,APU-20,118,1323,Davidberg,FD
4086.10000,1,XC-7,9,1324,Freamunde,FC
23124.00000,light,APU-20,6,1325,São Mamede de Infesta,FA
7484.00000,heavy,XC-7,114,1326,Auerbach,FC
6736.60000,normal,APU-12,68,1327,Jülich,FC
10405.80000, 1 ,APU-15,38,1328,São Mamede de Infesta,FC
17453.10000,N,APU-15,44,1329,Sherimouth,FB
13190.40000,3,APU-15,23,1330,Haleystad,FD
10224.50000,light,XC-7,9,1331,Beja,FE
4648.40000,med,XC-7,70,1332,Bremervörde,FA
10271.90000,light,APU-20,33,1333,Bremervörde,FC
12195.50000,light,APU-20,3,1334,Michaelfurt,FA
6170.90000,H,APU-15,95,1335,West Michaelborough,FE
20157.50000,H,APU-12,34,1336,Jülich,FC
22176.50000,med,APU-20,54,1337,Lake Shawnville,FC
11175.00000,H,APU-15,83,1338,Barrborough,FD
10842.90000,2,XC-7,53,1339,West Alyssa,FB
3970.30000,N,APU-20,50,1340,Paderborn,FA
14518.80000,H,APU-20,111,1341,Beja,FB
16965.90000, med ,APU-15,33,1342,Rio Tinto,FC
8196.00000,N,XC-7,10,1343,Ludwigslust,FB
5157.90000,2,APU-20,57,1344,Wanzleben,FE
5712.70000,med,XC-7,67,1345,Rosechester,FA
6287.00000,H,APU-20,116,1346,Sankt Goar,FC
7807.10000, 1 ,APU-12,37,1347,Merseburg,FE
7940.00000,heavy,XC-7,96,1348,Sherimouth,FA
41809.70000,light,XC-7,7,1349,Bremervörde,FA
6410.30000,H,APU-15,99,1350,Aveiro,FC
11816.10000,light,XC-7,30,1351,Dresden,FB
19928.10000,H,APU-15,118,1352,Gütersloh,FD
5639.30000,N,APU-15,44,1353,Almeirim,FA
4763.00000, normal ,APU-20,79,1354,East Wayneside,FB
24961.30000,med,XC-7,59,1355,Davidberg,FB
7371.70000,L,APU-15,26,1356,Pombal,FB
17253.50000, N ,APU-20,51,1357,Davidberg,FD
6629.20000, L ,APU-12,1,1358,Oliveira do Bairro,FD
5181.90000,2,XC-7,72,1359,Merseburg,FE
20554.20000,1,APU-15,18,1360,West Michaelborough,FC
27857.30000,light,APU-20,87,1361,Ebermannstadt,FC
12351.10000,L,APU-12,28,1362,Wanzleben,FE
20305.50000,L,XC-7,28,1363,Danachester,FC
6391.00000,1,APU-15,10,1364,Dresden,FE
9207.30000,2,APU-20,42,1365,Badalzungen,FE
19819.50000,N,APU-15,59,1366,Altentreptow,FA
10572.90000,1,APU-12,34,1367,Paulland,FC
13532.10000,med,XC-7,76,1368,Gandra,FD
8225.30000,med,APU-15,50,1369,Gütersloh,FB
7316.00000,1,APU-15,79,1370,Penafiel,FD
23579.20000,3,APU-12,93,1371,Oliveira do Bairro,FB
13469.50000,3,APU-20,92,1372,Havelberg,FB
13656.20000,2,APU-12,95,1373,Vila Nova de Gaia,FC
22462.80000,normal,APU-15,57,1374,Vizela,FD
17315.60000,N,APU-15,74,1375,Paderborn,FE
13909.10000, L ,APU-20,85,1376,Barrborough,FA
17436.30000,2,APU-15,50,1377,Gandra,FE
32233.10000,normal,APU-12,109,1378,São Mamede de Infesta,FC
11576.40000,1,XC-7,34,1379,Jessicaburgh,FC
12818.50000,N,APU-12,68,1380,Ebermannstadt,FE
6747.90000,L,APU-20,38,1381,West Sierra,FD
21607.10000,light,APU-15,9,1382,Stricklandberg,FC
13736.60000,3,APU-20,119,1383,Cuxhaven,FB
5993.90000,N,APU-15,58,1384,Cuxhaven,FA
7406.90000,L,APU-12,20,1385,Freamunde,FB
13484.40000,3,XC-7,89,1386,Schwandorf,FE
9067.80000,heavy,XC-7,99,1387,Jülich,FC
13079.80000,N,APU-20,55,1388,Lake Shawnville,FE
24094.80000,3,APU-12,115,1389,Duderstadt,FD
31459.00000,1,APU-15,24,1390,West Sierra,FD
13332.00000,heavy,XC-7,90,1391,Stuttgart,FE
16711.30000,2,XC-7,71,1392,Schwandorf,FC
8892.10000,H,APU-12,103,1393,Badalzungen,FD
9129.10000,2,APU-12,48,1394,Havelberg,FE
10684.00000,2,APU-15,48,1395,Jülich,FE
39633.70000,1,APU-20,6,1396,Ebermannstadt,FA
9663.00000,normal,APU-12,69,1397,Haleystad,FD
13717.30000,H,XC-7,118,1398,Esmoriz,FB
,L,APU-20,1,1399,Pombal,FE
10434.00000,N,XC-7,70,1400,Danachester,FA
,3,APU-15,13,1401,West Alyssa,FA
23941.50000,2,XC-7,49,1402,Rudolstadt,FE
10551.10000,3,XC-7,102,1403,Wanzleben,FA
42114.00000,2,APU-12,78,1404,Jülich,FC
10252.00000,L,XC-7,29,1405,Costa da Caparica,FD
13110.00000,normal,APU-12,82,1406,Faro,FB
41595.10000,N,APU-15,10,1407,Jülich,FB
6147.60000,L,APU-20,30,1408,Dresden,FC
15930.90000,L,APU-20,119,1409,Rosechester,FB
,light,XC-7,9,1410,Jülich,FE
15151.50000,heavy,APU-12,103,1411,Ebermannstadt,FB
28207.50000,light,APU-20,1,1412,Barrborough,FC
8855.20000,light,XC-7,0,1413,Sherimouth,FD
14317.60000,light,XC-7,9,1414,Pooleberg,FC
17894.70000,N,XC-7,64,1415,Ebermannstadt,FC
12775.50000,L,APU-20,15,1416,Michaelfurt,FE
14986.40000,med,APU-12,60,1417,Paulland,FC
29942.60000,1,XC-7,20,1418,Altentreptow,FA
9825.60000,L,APU-15,12,1419,Gandra,FB
17413.00000,heavy,APU-12,94,1420,Havelberg,FA
,normal,APU-12,54,1421,Barrborough,FE
6807.40000, 1 ,APU-12,32,1422,Port Thomasfurt,FD
26211.20000,N,APU-12,46,1423,Duderstadt,FA
9476.90000,normal,APU-12,40,1424,Haleystad,FD
4980.40000,L,APU-15,33,1425,Dresden,FE
24099.10000,L,APU-15,33,1426,Johnsonstad,FE
8173.40000,L,APU-12,56,1427,Lake Shawnville,FA
36459.80000,N,APU-12,72,1428,Jessicaburgh,FD
4604.00000,normal,XC-7,48,1429,Stuttgart,FB
8672.40000,H,XC-7,13,1430,Sherimouth,FC
17851.70000,N,XC-7,11,1431,Stuttgart,FA
14892.20000,L,APU-15,29,1432,Beja,FE
17721.50000,light,APU-20,32,1433,Port Thomasfurt,FD
10916.90000, N ,APU-12,45,1434,Pombal,FB
8762.80000,3,APU-20,102,1435,Aveiro,FD
4905.30000,H,XC-7,74,1436,Jessicaburgh,FE
13071.60000,3,XC-7,33,1437,Stricklandberg,FD
11540.60000,heavy,APU-15,61,1438,Sherimouth,FC
26587.60000,2,APU-12,116,1439,Aveiro,FA
5317.10000,med,APU-15,79,1440,West Michaelborough,FB
9131.50000,H,APU-20,30,1441,Brandonborough,FD
8795.40000,heavy,APU-15,82,1442,Jessicaburgh,FB
30785.80000,1,APU-20,19,1443,Aveiro,FD
5363.30000,H,APU-12,108,1444,New David,FD
29129.00000,H,XC-7,75,1445,Penafiel,FC
12776.30000,normal,APU-12,75,1446,Gandra,FA
9080.80000,H,APU-12,83,1447,Havelberg,FB
8609.50000,heavy,APU-12,94,1448,Stuttgart,FB
14525.90000,2,APU-12,46,1449,Sankt Goar,FC
5887.40000,L,APU-15,21,1450,Jülich,FE
11704.10000,L,APU-12,95,1451,Ashleychester,FC
13339.70000,H,XC-7,105,1452,Almeirim,FB
7614.40000,med,APU-12,78,1453,Ashleychester,FC
3897.40000,1,XC-7,72,1454,Bremervörde,FE
19126.10000,light,APU-15,12,1455,South Jennifer,FE
11909.00000,3,XC-7,70,1456,Ebermannstadt,FD
36600.40000,med,XC-7,66,1457,Gütersloh,FD
9196.70000,light,APU-15,31,1458,Costa da Caparica,FD
7159.30000,normal,APU-20,55,1459,Duderstadt,FB
24432.10000,light,APU-15,35,1460,Michaelfurt,FC
4885.60000,1,APU-20,34,1461,West Sierra,FD
5496.40000,3,APU-15,118,1462,Russelltown,FB
14902.70000, 1 ,XC-7,35,1463,Barrborough,FD
45000.00000,light,XC-7,31,1464,Paulland,FA
8799.70000,heavy,APU-15,107,1465,Badalzungen,FD
11916.90000,H,APU-20,15,1466,Stricklandberg,FA
12033.30000,3,XC-7,92,1467,Jülich,FA
20322.30000,med,XC-7,60,1468,New David,FE
15613.80000,2,APU-12,40,1469,Barrborough,FD
21582.30000,normal,APU-20,20,1470,Penafiel,FB
9512.00000,heavy,APU-12,100,1471,Rosechester,FE
20991.00000,light,APU-15,24,1472,Esmoriz,FD
1900.90000,1,APU-12,112,1473,Wanzleben,FE
6134.00000,med,APU-20,35,1474,Rosechester,FA
11606.00000,2,XC-7,99,1475,Sherimouth,FE
17258.60000,N,APU-12,78,1476,Esmoriz,FC
4116.70000,N,XC-7,58,1477,Johnsonstad,FE
8460.60000,L,APU-12,32,1478,Sandovalhaven,FD
2035.90000,L,XC-7,24,1479,Barrborough,FB
15568.90000,L,XC-7,107,1480,Dresden,FD
9642.90000,light,APU-12,39,1481,Ebermannstadt,FC
10399.40000,heavy,XC-7,91,1482,Rosechester,FB
28409.30000,3,APU-12,51,1483,Haleystad,FC
,N,APU-12,75,1484,Rio Tinto,FD
7501.40000,normal,XC-7,50,1485,Michaelfurt,FC
13112.60000,1,XC-7,53,1486,São Mamede de Infesta,FE
7201.50000,H,APU-15,106,1487,Costa da Caparica,FE
12591.40000,light,APU-20,23,1488,Auerbach,FE
15630.80000,normal,APU-20,56,1489,Bremervörde,FC
14400.40000,2,APU-20,52,1490,Sandovalhaven,FD
9121.70000,light,APU-12,16,1491,Bremervörde,FE
8489.00000,2,APU-20,67,1492,Altentreptow,FD
26896.30000,3,APU-20,60,1493,Ashleychester,FB
20401.80000,N,APU-15,62,1494,Jessicaburgh,FB
6704.60000,2,XC-7,110,1495,Vizela,FD
20053.70000,normal,XC-7,47,1496,Davidberg,FD
18223.90000,2,XC-7,75,1497,Penafiel,FD
4938.30000,med,APU-12,76,1498,Lake Shawnville,FD
5715.50000,L,APU-12,3,1499,Sandovalhaven,FA
45000.00000,normal,APU-20,60,1500,East Wayneside,FE
35914.10000,light,APU-12,28,1501,New David,FE
4775.80000,light,APU-15,26,1502,Barrborough,FA
20003.60000,L,APU-12,27,1503,Lake Shawnville,FC
4547.10000,heavy,APU-12,88,1504,Altentreptow,FA
8663.10000, 1 ,APU-20,26,1505,Russelltown,FB
12036.00000,1,APU-15,40,1506,Merseburg,FB
18878.30000,med,APU-20,59,1507,Brandonborough,FD
24722.80000, 2 ,APU-20,57,1508,Schwandorf,FC
14817.70000,H,APU-20,117,1509,Jülich,FB
13258.90000, light ,APU-20,35,1510,Aveiro,FE
8849.10000,H,APU-15,104,1511,Sherimouth,FD
5715.40000,med,XC-7,78,1512,South Jennifer,FA
11736.70000,1,XC-7,19,1513,Havelberg,FD
13107.10000,3,XC-7,105,1514,Jessicaburgh,FD
9078.90000,med,APU-12,67,1515,Ebermannstadt,FB
45000.00000,2,APU-12,62,1516,Michaelfurt,FA
14818.30000,N,APU-20,79,1517,Altentreptow,FE
11261.10000,2,APU-15,48,1518,West Michaelborough,FE
5823.00000, L ,APU-20,5,1519,Pombal,FA
3770.10000,light,XC-7,76,1520,Schwandorf,FD
15296.80000,normal,APU-12,43,1521,Gütersloh,FA
19056.20000,light,XC-7,95,1522,Rio Tinto,FC
3744.80000,heavy,APU-12,88,1523,Paulland,FB
3698.20000,med,XC-7,51,1524,Davidberg,FD
10514.30000,1,APU-20,84,1525,Danachester,FC
8065.40000,med,APU-12,119,1526,Johnsonstad,FD
8545.90000,L,APU-20,5,1527,Port Thomasfurt,FA
24194.80000,H,XC-7,110,1528,Lake Shawnville,FE
22797.20000,med,APU-12,4,1529,Pombal,FE
6690.30000,light,APU-15,35,1530,Ludwigslust,FB
19436.40000,normal,XC-7,112,1531,Oliveira do Bairro,FE
13834.70000,H,APU-12,105,1532,Rio Tinto,FE
24317.70000,light,XC-7,15,1533,Stuttgart,FE
,light,APU-20,8,1534,Paderborn,FC
5339.60000,H,XC-7,98,1535,Brandonborough,FB
33089.20000,1,XC-7,75,1536,Beja,FA
14061.20000,normal,APU-12,33,1537,Oliveira do Bairro,FB
9740.30000,L,APU-12,22,1538,East Wayneside,FB
24534.80000,3,APU-12,89,1539,Jessicaburgh,FC
10956.30000,normal,XC-7,45,1540,Malchin,FB
17995.20000,med,XC-7,58,1541,Jessicaburgh,FC
5147.60000,3,APU-12,102,1542,Schwandorf,FA
5857.70000,light,XC-7,3,1543,Paulland,FE
30655.20000,H,APU-15,85,1544,São Mamede de Infesta,FE
45000.00000,H,APU-15,106,1545,Faro,FC
7331.40000,1,APU-15,12,1546,Rosechester,FC
11744.60000,L,APU-20,33,1547,Almeirim,FD
5713.20000,light,APU-12,26,1548,Gütersloh,FA
13418.60000,L,XC-7,1,1549,Rudolstadt,FC
6811.50000,3,XC-7,97,1550,Duderstadt,FD
12500.90000,heavy,APU-12,118,1551,Jülich,FE
4368.20000,light,APU-12,14,1552,Altentreptow,FE
19596.70000,heavy,APU-20,85,1553,West Michaelborough,FB
,H,APU-20,112,1554,Cuxhaven,FA
7868.70000,light,XC-7,55,1555,Havelberg,FA
11207.00000,normal,APU-12,45,1556,Stricklandberg,FD
8915.20000,heavy,XC-7,98,1557,Port Thomasfurt,FD
17653.20000,light,APU-20,10,1558,Paderborn,FE
13317.40000,3,APU-20,92,1559,New David,FB
18418.50000,med,APU-12,52,1560,Costa da Caparica,FC
8218.40000,heavy,APU-20,92,1561,Jessicaburgh,FA
16573.80000,3,APU-15,89,1562,Merseburg,FB
8728.40000,H,APU-15,84,1563,Merseburg,FD
13493.90000,1,XC-7,23,1564,Pombal,FC
27108.80000,normal,XC-7,98,1565,Russelltown,FB
25410.20000,1,APU-20,23,1566,Stuttgart,FE
19698.40000,L,APU-15,29,1567,Malchin,FE
17461.50000,heavy,APU-15,100,1568,Sandovalhaven,FC
8234.00000,light,APU-20,2,1569,Haleystad,FE
3082.10000,3,XC-7,105,1570,Davidberg,FA
3962.60000,light,APU-20,9,1571,West Michaelborough,FA
10668.70000,L,APU-12,2,1572,Pombal,FB
,med,XC-7,54,1573,Wanzleben,FA
10893.20000,1,APU-15,23,1574,West Michaelborough,FD
17649.00000,heavy,XC-7,107,1575,Auerbach,FE
16100.50000, N ,APU-12,50,1576,Vila Nova de Gaia,FE
12982.60000, light ,APU-12,31,1577,Wanzleben,FE
22810.20000,2,APU-15,38,1578,Schwandorf,FA
10828.90000,med,APU-20,27,1579,Pombal,FA
, 1 ,APU-15,6,1580,Brandonborough,FE
23420.70000,heavy,XC-7,8,1581,Schwandorf,FB
37848.10000,1,APU-20,16,1582,Auerbach,FA
,L,APU-15,11,1583,Gütersloh,FB
15122.90000,med,APU-12,45,1584,Paulland,FE
10313.50000,heavy,XC-7,89,1585,Sandovalhaven,FA
21350.80000,2,APU-20,74,1586,Malchin,FC
3762.50000,med,APU-15,30,1587,Gandra,FE
3849.30000,1,APU-15,63,1588,Gütersloh,FC
16383.90000,3,APU-12,92,1589,Jülich,FB
14201.80000,3,APU-20,118,1590,Freamunde,FC
11243.10000,H,XC-7,106,1591,Vizela,FA
12579.10000,1,APU-15,17,1592,Jessicaburgh,FA
4138.30000,N,XC-7,45,1593,Penafiel,FD
12196.90000,light,XC-7,19,1594,Faro,FD
,light,XC-7,23,1595,Aveiro,FE
8406.30000,2,APU-12,49,1596,Haleystad,FD
17169.90000,light,APU-15,87,1597,Jessicaburgh,FE
6236.00000,3,XC-7,92,1598,Port Thomasfurt,FE
20480.70000,L,APU-12,23,1599,Altentreptow,FD
,light,APU-20,14,1600,Jülich,FA
11330.90000,H,APU-20,112,1601,Duderstadt,FE
38210.40000, normal ,APU-12,35,1602,West Michaelborough,FE
23852.60000,heavy,APU-15,60,1603,New David,FA
11206.50000,3,APU-20,73,1604,Faro,FB
8981.20000,1,APU-15,32,1605,Costa da Caparica,FE
14727.70000,1,XC-7,25,1606,Brandonborough,FC
,N,XC-7,49,1607,West Michaelborough,FE
12663.50000,normal,XC-7,63,1608,Malchin,FD
,heavy,XC-7,101,1609,Penafiel,FD
9791.00000,1,APU-15,30,1610,Cuxhaven,FC
7295.10000, light ,APU-20,10,1611,Esmoriz,FE
18299.40000,1,XC-7,2,1612,Badalzungen,FA
9843.00000,N,APU-15,50,1613,Gandra,FA
12896.90000,2,XC-7,45,1614,New David,FC
7520.90000,3,APU-20,102,1615,Brandonborough,FE
21286.60000,3,APU-15,84,1616,São Mamede de Infesta,FA
4173.80000,N,XC-7,97,1617,Johnsonstad,FE
19290.40000,med,APU-12,18,1618,Michaelfurt,FB
9205.80000,3,APU-20,15,1619,Ludwigslust,FC
13971.50000,N,APU-12,90,1620,Haleystad,FD
11829.70000,light,APU-15,34,1621,Oliveira do Bairro,FC
6081.70000,L,APU-12,13,1622,Cuxhaven,FA
5911.20000,heavy,APU-20,14,1623,Pombal,FE
8905.90000,H,APU-20,99,1624,Barrborough,FD
9651.20000,normal,APU-12,68,1625,New David,FA
29611.60000,L,APU-20,4,1626,West Sierra,FD
7957.20000,N,APU-12,69,1627,Gütersloh,FC
3687.50000,normal,APU-20,75,1628,Merseburg,FA
14282.80000,light,APU-12,3,1629,Altentreptow,FC
30719.30000,2,XC-7,73,1630,Auerbach,FE
9413.20000,3,XC-7,106,1631,Penafiel,FE
21172.60000,2,APU-12,49,1632,Ashleychester,FB
,heavy,XC-7,44,1633,Pooleberg,FA
14944.80000,light,APU-20,14,1634,Haleystad,FB
20708.60000,med,XC-7,63,1635,Wanzleben,FE
16903.60000,1,XC-7,21,1636,Lake Shawnville,FB
14670.40000,L,APU-12,1,1637,São Mamede de Infesta,FC
9325.60000,heavy,APU-20,92,1638,Paulland,FA
7253.80000,3,APU-12,84,1639,Vizela,FC
9691.10000,med,XC-7,51,1640,Sandovalhaven,FD
7705.90000,normal,APU-15,78,1641,South Jennifer,FE
28586.40000,2,XC-7,68,1642,Pooleberg,FC
6575.00000,1,APU-12,2,1643,Jessicaburgh,FD
5984.30000,3,APU-20,107,1644,Freamunde,FC
12116.50000,L,XC-7,72,1645,Freamunde,FE
13536.30000,1,APU-15,36,1646,West Sierra,FD
12507.30000,3,APU-15,82,1647,East Wayneside,FE
5004.20000,heavy,APU-20,102,1648,Cuxhaven,FC
12690.00000,heavy,APU-12,113,1649,Malchin,FB
13098.70000,1,APU-20,14,1650,Penafiel,FC
23587.30000,2,APU-12,77,1651,Aveiro,FA
7906.40000,med,APU-12,64,1652,Badalzungen,FD
17278.40000,H,XC-7,73,1653,Stricklandberg,FD
15831.90000,L,APU-20,8,1654,Almeirim,FA
5180.00000, 1 ,APU-12,27,1655,Aveiro,FD
5898.90000,L,APU-15,28,1656,Sandovalhaven,FB
5097.30000,L,APU-12,1,1657,Havelberg,FD
11460.30000,normal,XC-7,109,1658,Malchin,FC
20831.30000,heavy,APU-20,96,1659,Faro,FB
30268.40000,L,APU-15,65,1660,Vizela,FD
6289.20000,H,APU-20,116,1661,São Mamede de Infesta,FE
6291.10000, light ,XC-7,3,1662,Aveiro,FB
9867.20000,3,APU-15,92,1663,Sankt Goar,FA
6319.70000,2,APU-15,48,1664,Jülich,FD
6616.50000,med,APU-12,114,1665,Gütersloh,FE
22256.70000,light,APU-20,26,1666,West Michaelborough,FB
13037.50000,heavy,XC-7,100,1667,Jülich,FE
13333.50000, 2 ,APU-15,75,1668,Paulland,FA
17250.50000,1,APU-20,3,1669,Duderstadt,FC
16217.80000,heavy,APU-12,102,1670,Danachester,FB
9015.80000,N,APU-15,71,1671,Stuttgart,FE
3315.80000, light ,APU-12,25,1672,Malchin,FD
6301.60000,heavy,APU-20,104,1673,Haleystad,FE
8372.70000,L,XC-7,29,1674,Jülich,FC
7851.00000,1,XC-7,13,1675,Vila Nova de Gaia,FE
16537.50000,med,XC-7,81,1676,Esmoriz,FC
6394.70000,1,APU-20,33,1677,Pooleberg,FB
3446.10000,1,XC-7,20,1678,Ludwigslust,FA
22878.00000,2,APU-12,54,1679,East Wayneside,FC
4492.40000,med,APU-20,60,1680,Sandovalhaven,FE
11716.90000,normal,APU-20,61,1681,Russelltown,FD
25250.40000,H,APU-20,97,1682,Paderborn,FA
21543.50000,light,XC-7,25,1683,Paderborn,FE
28246.30000,normal,APU-20,41,1684,South Jennifer,FE
10639.80000,2,APU-20,81,1685,Danachester,FA
17927.10000,light,APU-12,31,1686,Ebermannstadt,FB
6551.00000,heavy,APU-20,87,1687,Sankt Goar,FC
6122.90000,3,APU-12,106,1688,Sherimouth,FE
14321.10000,L,XC-7,7,1689,Pooleberg,FB
5971.10000,1,XC-7,17,1690,Badalzungen,FA
6454.00000,med,APU-15,74,1691,Lake Shawnville,FC
17231.00000,N,APU-15,55,1692,Paulland,FE
4122.10000,2,XC-7,65,1693,Oliveira do Bairro,FA
10321.40000,light,APU-20,53,1694,Dresden,FE
7626.60000,H,XC-7,104,1695,Merseburg,FD
9895.20000,heavy,APU-20,106,1696,Vila Nova de Gaia,FA
11381.30000,med,APU-12,29,1697,Ebermannstadt,FE
10381.30000,2,XC-7,65,1698,Jülich,FE
14267.90000,2,APU-15,92,1699,Aveiro,FB
6686.30000,1,XC-7,29,1700,Havelberg,FE
11363.70000,1,XC-7,7,1701,Penafiel,FA
12875.80000,med,APU-20,19,1702,Badalzungen,FA
7744.40000,N,XC-7,76,1703,Faro,FC
4561.00000,1,APU-15,5,1704,Beja,FE
15557.10000,med,APU-20,43,1705,Sherimouth,FB
5374.70000, 1 ,APU-15,75,1706,Jülich,FB
18760.00000,heavy,APU-12,39,1707,Costa da Caparica,FA
11629.00000, L ,APU-20,16,1708,Paderborn,FE
25188.30000,2,APU-20,51,1709,Wanzleben,FC
15279.30000,N,APU-20,50,1710,Esmoriz,FD
15094.50000,2,XC-7,60,1711,Freamunde,FB
39624.20000,1,APU-15,63,1712,Davidberg,FC
7334.20000,L,APU-20,11,1713,Sherimouth,FE
5680.30000,2,XC-7,40,1714,Stricklandberg,FE
13220.20000,N,APU-20,50,1715,Beja,FB
6621.00000,light,XC-7,30,1716,West Sierra,FC
7411.70000,L,XC-7,116,1717,Jülich,FA
21403.50000,3,APU-12,95,1718,Schwandorf,FA
10588.80000,heavy,XC-7,16,1719,Altentreptow,FD
,normal,APU-20,48,1720,Schwandorf,FA
38091.10000,med,APU-12,61,1721,Jülich,FA
16469.40000,med,XC-7,64,1722,West Sierra,FC
12731.50000, 3 ,XC-7,48,1723,Auerbach,FE
5787.10000,light,APU-20,13,1724,Jülich,FA
6620.40000,heavy,APU-15,99,1725,Havelberg,FE
12051.00000,1,APU-12,24,1726,Ebermannstadt,FE
15993.40000,N,APU-20,9,1727,Michaelfurt,FA
28574.00000,med,APU-15,60,1728,São Mamede de Infesta,FC
18660.80000,heavy,XC-7,115,1729,Stuttgart,FD
11695.30000,2,APU-20,70,1730,Auerbach,FC
17333.50000,heavy,APU-20,100,1731,Danachester,FC
9107.90000,normal,APU-12,48,1732,Brandonborough,FA
36439.30000,normal,APU-12,119,1733,Schwandorf,FB
24255.80000,H,APU-12,68,1734,Esmoriz,FA
5590.00000,light,APU-12,33,1735,New David,FC
6484.90000,N,XC-7,62,1736,Dresden,FB
4817.60000,L,XC-7,65,1737,Pombal,FA
13387.20000,light,XC-7,24,1738,Rudolstadt,FA
3304.40000,N,XC-7,49,1739,Costa da Caparica,FE
7354.40000,light,APU-15,13,1740,Rio Tinto,FB
6824.00000,L,APU-15,60,1741,Havelberg,FD
7031.20000,L,XC-7,104,1742,Ebermannstadt,FA
22656.40000, heavy ,APU-12,111,1743,Dresden,FB
9343.40000,H,APU-15,92,1744,Danachester,FC
7979.80000,2,APU-12,70,1745,Beja,FC
18825.40000,1,APU-12,116,1746,Sankt Goar,FA
3863.80000,L,APU-12,102,1747,Badalzungen,FA
9953.50000, H ,APU-12,87,1748,Vizela,FC
32837.30000,1,APU-20,114,1749,East Wayneside,FB
9131.60000,heavy,XC-7,113,1750,Merseburg,FE
7155.90000,heavy,XC-7,95,1751,South Jennifer,FD
15244.70000,med,APU-12,64,1752,Pombal,FE
11425.20000,H,APU-12,115,1753,Gandra,FB
8920.70000,L,APU-15,0,1754,Merseburg,FD
21287.10000,L,APU-15,50,1755,Rosechester,FA
4354.10000,N,APU-12,74,1756,Rudolstadt,FD
16505.60000,3,APU-20,93,1757,Dresden,FC
11695.60000,light,APU-15,1,1758,South Jennifer,FA
36046.70000,1,XC-7,20,1759,Badalzungen,FA
8492.70000,light,APU-20,4,1760,Stricklandberg,FC
9995.40000,N,APU-12,75,1761,Bremervörde,FB
8407.70000,med,XC-7,77,1762,Aveiro,FE
10513.60000,3,APU-20,107,1763,Rosechester,FB
36165.30000,L,APU-20,30,1764,Michaelfurt,FB
11576.00000,normal,APU-12,28,1765,Stuttgart,FE
4826.00000,normal,APU-12,63,1766,Jülich,FE
7294.80000,H,XC-7,28,1767,Michaelfurt,FB
32365.30000,normal,APU-20,52,1768,Schwandorf,FD
15717.30000, normal ,APU-15,94,1769,Paulland,FE
13906.60000,N,APU-12,71,1770,Esmoriz,FC
7376.50000,L,APU-15,94,1771,Danachester,FE
11871.00000,light,APU-15,20,1772,Almeirim,FD
14388.30000,L,APU-12,17,1773,Rudolstadt,FD
23281.80000,1,XC-7,69,1774,Johnsonstad,FC
18461.00000,N,APU-15,60,1775,Rosechester,FA
9980.30000,normal,APU-20,97,1776,Jessicaburgh,FD
16798.00000,light,XC-7,33,1777,Port Thomasfurt,FA
22886.30000,light,APU-20,40,1778,Brandonborough,FB
16284.90000,1,APU-20,18,1779,Malchin,FB
3519.00000,H,APU-20,80,1780,Cuxhaven,FE
4385.80000,med,XC-7,50,1781,Rudolstadt,FD
4688.10000,H,APU-15,81,1782,Merseburg,FC
35265.00000,1,APU-20,22,1783,Costa da Caparica,FB
12706.40000,2,XC-7,68,1784,Brandonborough,FC
13943.00000,3,APU-15,115,1785,Faro,FC
13557.60000,heavy,APU-20,95,1786,Beja,FC
16022.70000,light,XC-7,24,1787,Vila Nova de Gaia,FC
14821.60000,H,APU-12,84,1788,Oliveira do Bairro,FE
,L,APU-15,24,1789,West Alyssa,FD
10383.30000, H ,APU-12,108,1790,Dresden,FB
11000.20000,L,APU-20,15,1791,Duderstadt,FB
20681.10000,light,APU-15,23,1792,New David,FA
8674.20000,med,XC-7,43,1793,Russelltown,FE
10154.50000,L,XC-7,0,1794,Russelltown,FC
12006.20000,1,XC-7,16,1795,Port Thomasfurt,FE
,light,APU-12,42,1796,Bremervörde,FD
11102.50000,L,APU-15,10,1797,São Mamede de Infesta,FB
45000.00000,N,APU-20,48,1798,Wanzleben,FC
6278.60000, H ,APU-20,83,1799,Ludwigslust,FD
10305.60000, L ,XC-7,17,1800,Stricklandberg,FE
12638.40000, light ,APU-12,6,1801,New David,FA
15040.30000,2,APU-15,72,1802,Esmoriz,FE
15351.20000,normal,APU-12,70,1803,Port Thomasfurt,FB
21745.00000,3,APU-15,83,1804,Michaelfurt,FB
23192.00000,heavy,APU-20,117,1805,Michaelfurt,FB
9577.80000,2,APU-20,69,1806,Bremervörde,FC
24337.40000,light,APU-15,106,1807,Cuxhaven,FC
4687.70000,3,XC-7,111,1808,East Wayneside,FA
12533.00000,2,APU-12,68,1809,South Jennifer,FB
8652.20000,L,APU-12,28,1810,Altentreptow,FA
6205.70000, 2 ,XC-7,55,1811,Haleystad,FD
11808.10000,normal,APU-12,76,1812,Ashleychester,FD
6042.10000, 1 ,APU-20,11,1813,Duderstadt,FE
12682.70000,normal,APU-20,60,1814,Danachester,FB
12538.00000,heavy,APU-20,83,1815,South Jennifer,FA
16572.30000,1,APU-20,51,1816,Paulland,FD
19008.40000,med,APU-15,42,1817,Rio Tinto,FB
7351.60000,med,APU-15,84,1818,Bremervörde,FA
24746.80000,N,APU-12,10,1819,Aveiro,FA
8402.20000,H,XC-7,80,1820,Ebermannstadt,FC
3646.10000,2,APU-12,57,1821,Esmoriz,FA
17171.00000,med,APU-15,2,1822,Bremervörde,FE
5901.00000,2,APU-15,77,1823,Jülich,FA
7205.50000,2,APU-12,79,1824,Badalzungen,FD
5634.40000,1,XC-7,25,1825,Schwandorf,FB
25695.90000,light,APU-20,43,1826,Penafiel,FA
3541.70000,2,XC-7,70,1827,West Michaelborough,FB
,heavy,APU-12,113,1828,South Jennifer,FB
18729.00000,H,APU-20,92,1829,Cuxhaven,FB
3135.20000,1,APU-20,30,1830,Jülich,FD
13591.90000,N,APU-12,46,1831,Pooleberg,FA
6735.10000,H,APU-12,64,1832,Lake Shawnville,FD
15157.20000,normal,APU-12,99,1833,Altentreptow,FB
9130.10000,L,APU-20,14,1834,New David,FB
22631.70000,3,APU-20,114,1835,West Sierra,FB
23935.10000,light,XC-7,9,1836,Auerbach,FE
12426.60000,light,APU-12,4,1837,Freamunde,FA
27503.50000,L,APU-15,2,1838,Stuttgart,FA
14773.10000,1,XC-7,27,1839,Sandovalhaven,FB
9781.90000,3,APU-20,100,1840,Michaelfurt,FD
8397.10000,N,APU-12,69,1841,Sherimouth,FE
14426.40000,light,APU-20,30,1842,Barrborough,FB
9274.50000,H,APU-20,100,1843,Sherimouth,FD
24263.60000,H,APU-20,18,1844,Lake Shawnville,FC
18228.50000,light,APU-20,36,1845,Gütersloh,FD
7786.10000,light,XC-7,104,1846,Sandovalhaven,FE
12447.60000,heavy,XC-7,119,1847,Freamunde,FE
23273.40000,L,APU-12,6,1848,Pooleberg,FB
4970.50000,normal,APU-12,62,1849,Cuxhaven,FB
13325.60000, 2 ,XC-7,68,1850,Dresden,FC
8625.00000,2,APU-20,76,1851,Paulland,FD
41368.00000,L,XC-7,78,1852,Michaelfurt,FB
11967.40000,H,APU-15,87,1853,Ludwigslust,FE
7623.00000,1,APU-12,22,1854,Jülich,FB
10863.60000,L,APU-12,39,1855,Pooleberg,FD
6802.20000,L,APU-20,61,1856,Rio Tinto,FA
9855.30000, light ,APU-20,99,1857,Michaelfurt,FC
22468.80000,L,XC-7,81,1858,Schwandorf,FD
16303.90000, N ,APU-12,79,1859,Jülich,FE
11960.40000, med ,APU-12,75,1860,Duderstadt,FE
17504.10000,med,XC-7,44,1861,Jülich,FB
33222.00000,H,APU-12,85,1862,West Sierra,FE
5420.20000,med,APU-15,53,1863,Barrborough,FB
41391.80000,light,XC-7,29,1864,Davidberg,FA
7946.60000,L,APU-20,64,1865,Gütersloh,FD
,2,APU-12,49,1866,South Jennifer,FE
25325.70000,H,APU-12,103,1867,Haleystad,FB
10709.30000,N,APU-20,62,1868,Schwandorf,FA
5581.80000,1,APU-15,0,1869,Haleystad,FA
39716.30000,1,XC-7,20,1870,Auerbach,FC
40330.60000,L,XC-7,28,1871,Haleystad,FE
12114.20000,light,APU-12,28,1872,Pombal,FB
8762.20000,light,XC-7,10,1873,Rosechester,FB
14876.60000,heavy,APU-20,104,1874,Stricklandberg,FD
,1,APU-20,22,1875,Beja,FD
10874.60000,3,APU-20,102,1876,Haleystad,FB
7205.50000,1,APU-12,22,1877,Paulland,FE
12280.60000,H,APU-15,21,1878,Oliveira do Bairro,FE
32736.80000,light,APU-15,37,1879,Brandonborough,FC
19072.50000,1,APU-20,19,1880,New David,FD
11651.30000,L,APU-12,30,1881,Sherimouth,FE
13634.60000,1,APU-12,29,1882,Gandra,FA
15020.00000,H,APU-20,118,1883,Schwandorf,FC
12585.20000,med,APU-15,41,1884,West Alyssa,FB
30480.50000,1,APU-12,1,1885,South Jennifer,FE
16134.80000,light,XC-7,39,1886,Brandonborough,FE
6246.50000, H ,APU-15,97,1887,Pooleberg,FA
5456.60000,heavy,APU-15,117,1888,Rudolstadt,FC
7785.40000, L ,XC-7,2,1889,West Michaelborough,FC
8167.40000,L,APU-12,4,1890,Gütersloh,FE
12308.80000,1,XC-7,14,1891,Lake Shawnville,FD
15832.10000,normal,APU-12,61,1892,Faro,FE
7833.20000,L,APU-12,6,1893,Dresden,FB
10220.90000, med ,XC-7,78,1894,Costa da Caparica,FA
45000.00000,H,APU-12,103,1895,Sankt Goar,FA
,L,APU-15,18,1896,Faro,FE
6544.50000,med,APU-12,66,1897,Sherimouth,FA
15400.90000,N,APU-12,107,1898,Rudolstadt,FE
19462.30000,L,XC-7,26,1899,Davidberg,FA
3181.40000,heavy,APU-12,111,1900,Penafiel,FE
15785.80000,H,XC-7,95,1901,Jülich,FC
8764.10000,H,APU-20,93,1902,Wanzleben,FE
15167.90000,3,XC-7,87,1903,Freamunde,FA
4593.60000,light,APU-12,33,1904,Jülich,FD
9261.60000,1,APU-12,16,1905,Stuttgart,FE
15716.30000,light,XC-7,24,1906,Stricklandberg,FA
21361.00000,H,XC-7,81,1907,East Wayneside,FD
19243.10000,3,XC-7,119,1908,Aveiro,FC
13065.40000,1,APU-20,84,1909,East Wayneside,FD
33483.20000,N,APU-12,100,1910,Haleystad,FA
6042.50000,med,XC-7,78,1911,West Michaelborough,FC
6360.70000,med,APU-15,77,1912,Paulland,FA
15708.00000,light,APU-20,30,1913,Beja,FC
16039.50000,light,APU-15,19,1914,Ashleychester,FC
18647.20000,med,APU-15,98,1915,Vila Nova de Gaia,FA
10366.60000,H,APU-15,108,1916,Rio Tinto,FE
12583.80000,2,APU-12,96,1917,Penafiel,FD
6679.70000,L,XC-7,115,1918,Gandra,FC
15687.00000,1,APU-20,19,1919,Freamunde,FB
11641.00000,N,APU-15,40,1920,Barrborough,FE
11829.10000,med,APU-12,52,1921,Gütersloh,FA
13688.20000,L,APU-15,23,1922,Pombal,FC
13854.50000,1,XC-7,36,1923,West Sierra,FD
14079.40000,2,APU-20,75,1924,Haleystad,FE
7219.30000,2,APU-20,40,1925,Sandovalhaven,FB
1559.70000,H,APU-15,115,1926,Ashleychester,FA
16863.30000,2,APU-12,60,1927,Badalzungen,FA
30773.10000,N,APU-20,55,1928,West Sierra,FC
21265.50000,2,XC-7,70,1929,Schwandorf,FD
15647.90000,L,APU-15,34,1930,Penafiel,FA
13518.10000,heavy,APU-15,100,1931,Merseburg,FB
10184.30000,H,APU-15,112,1932,Freamunde,FB
7436.90000,N,APU-20,56,1933,Beja,FA
20312.60000,1,APU-20,27,1934,Pooleberg,FB
19779.90000,1,APU-15,4,1935,São Mamede de Infesta,FA
8998.60000, heavy ,APU-15,0,1936,São Mamede de Infesta,FE
12486.90000,heavy,XC-7,91,1937,Merseburg,FB
9795.30000,normal,XC-7,44,1938,West Alyssa,FD
10146.00000,med,APU-20,50,1939,South Jennifer,FB
,3,APU-15,56,1940,Cuxhaven,FE
14042.50000,1,APU-12,33,1941,Russelltown,FD
19158.90000,3,APU-15,82,1942,New David,FB
4901.30000,normal,APU-12,60,1943,Sherimouth,FE
6374.70000,H,APU-15,113,1944,Beja,FE
,L,APU-12,38,1945,São Mamede de Infesta,FD
12601.90000,N,APU-15,28,1946,Rudolstadt,FE
5790.50000,1,APU-12,23,1947,Ebermannstadt,FA
38963.70000,1,APU-15,4,1948,Almeirim,FE
24786.70000, N ,APU-20,41,1949,Stuttgart,FD
,heavy,APU-20,118,1950,Lake Shawnville,FE
12297.60000, 2 ,APU-20,108,1951,Jülich,FD
17182.90000,1,APU-15,12,1952,Sankt Goar,FD
24053.80000,2,APU-15,46,1953,Sherimouth,FA
36286.90000, H ,APU-20,98,1954,Ebermannstadt,FB
9726.50000,N,APU-15,54,1955,Lake Shawnville,FD
10042.80000,3,APU-12,18,1956,Ashleychester,FE
13673.90000,N,APU-12,116,1957,Auerbach,FB
5187.70000,3,APU-15,98,1958,Malchin,FB
9379.30000,N,APU-20,57,1959,Stricklandberg,FA
8283.50000,med,XC-7,55,1960,Gandra,FD
23152.10000, normal ,XC-7,77,1961,Brandonborough,FE
7832.90000,N,APU-15,61,1962,Gandra,FD
16034.70000,L,APU-15,38,1963,Havelberg,FE
13793.80000,light,APU-12,27,1964,Jülich,FB
9986.50000,3,APU-15,102,1965,Vizela,FC
10236.40000,2,APU-12,41,1966,Haleystad,FB
13085.00000,light,APU-12,14,1967,Sandovalhaven,FC
23803.20000,med,APU-15,41,1968,Jülich,FB
16360.60000,light,APU-15,9,1969,Cuxhaven,FA
10397.10000,N,APU-20,54,1970,South Jennifer,FD
6997.20000,N,APU-12,50,1971,Johnsonstad,FE
7491.40000,N,APU-20,54,1972,Rosechester,FA
10732.30000,light,APU-15,0,1973,Cuxhaven,FE
3556.80000, 1 ,APU-15,5,1974,Cuxhaven,FA
12407.60000,1,APU-12,38,1975,Vila Nova de Gaia,FB
8251.90000,heavy,APU-12,96,1976,Havelberg,FE
14820.70000, med ,APU-20,41,1977,Gütersloh,FA
38300.60000,normal,XC-7,54,1978,Paderborn,FA
7449.90000,heavy,XC-7,106,1979,Rosechester,FD
25017.20000,L,APU-20,24,1980,Duderstadt,FB
32436.00000,light,XC-7,97,1981,South Jennifer,FB
3241.80000,light,APU-20,21,1982,Sandovalhaven,FD
9668.30000,H,XC-7,57,1983,Lake Shawnville,FA
,light,APU-15,107,1984,West Sierra,FD
12419.80000,light,APU-12,18,1985,Sankt Goar,FB
9718.00000,normal,APU-15,61,1986,Vila Nova de Gaia,FB
3889.30000,normal,XC-7,64,1987,Faro,FA
14339.50000,1,APU-12,35,1988,Cuxhaven,FE
14242.30000,L,XC-7,117,1989,Sankt Goar,FA
7975.20000,3,APU-15,107,1990,Havelberg,FA
28536.80000, heavy ,XC-7,81,1991,Freamunde,FD
23978.80000,1,APU-15,7,1992,Penafiel,FC
2849.60000,N,APU-20,70,1993,Davidberg,FB
18987.70000,1,APU-20,28,1994,Gütersloh,FC
15017.80000,normal,APU-15,43,1995,Faro,FE
6031.50000,L,APU-20,9,1996,Esmoriz,FD
11375.50000,med,APU-12,67,1997,Russelltown,FA
13269.60000,heavy,APU-20,66,1998,Ashleychester,FB
17252.10000,2,XC-7,44,1999,Ashleychester,FC
15763.40000,2,APU-15,47,2000,Ashleychester,FE
